{"type": "FeatureCollection", "features": [{"type": "Feature", "geometry": {"type": "Point", "coordinates": [4.29300083, 52.07207291]}, "properties": {"id": "acato", "name": "Acato", "city": "Den Haag", "kind": "company", "themes": ["Open source", "Toegankelijkheid", "Digitale overheid"], "description": "Bouwt toegankelijke websites en webapplicaties voor de publieke sector. Beschrijft ontwikkeling van het online portaal Denhaag.nl met open-sourcecomponenten en NL Design System.", "source_ids": ["nl-acato", "nl-acato-denhaag"], "status": "researched", "tht": false, "kvk": null, "website": "https://acato.nl", "staff": null, "checked": "2026-09-09", "relevance": "Directe toepassing bij publieke dienstverlening, onderbouwd met primaire product- of klantbronnen. Eigendom, hostingketen en digitale soevereiniteit zijn niet als geheel beoordeeld.", "location": {"city": "Den Haag", "postcode": null, "number": null, "street": null, "precision": "city", "note": "Woonplaatsreferentie van een publiek vermeld zakelijk kantoor; geen exact kantoorpunt. Eén vestiging per organisatie, geen volledig vestigingenregister.", "source_ids": ["nl-acato", "pdok"], "lat": 52.07207291, "lon": 4.29300083, "country": "NL", "label": "'s-Gravenhage, 's-Gravenhage, Zuid-Holland", "query": "https://api.pdok.nl/bzk/locatieserver/search/v3_1/free?rows=20&q=%27s-Gravenhage&fq=type%3Awoonplaats", "provider": "PDOK", "id": "wpl-3597581be599a52df395ce19248ab9f5", "province": "Zuid-Holland"}, "country": "NL", "province": "Zuid-Holland"}}, {"type": "Feature", "geometry": {"type": "Point", "coordinates": [2.31393, 48.8162]}, "properties": {"id": "ademe-accelerateur", "name": "Accélérateur de la Transition Écologique (ADEME)", "kind": "hub", "themes": ["Digitale overheid", "Innovatie", "Community"], "description": "Incubator voor digitale klimaatdiensten, waaronder gemeentelijke klimaatsturing en stedelijke hitteaanpak.", "source_ids": ["fg2-ademe-incubator", "fg2-beta-bilan"], "city": "Montrouge", "country": "FR", "country_code": "FR", "country_name": "Frankrijk", "location": {"city": "Montrouge", "country": "FR", "country_code": "FR", "precision": "city", "lat": 48.8162, "lon": 2.31393, "source_ids": ["fg2-ademe-incubator", "eur-geonames"], "note": "Benaderd stadsreferentiepunt, geen individueel kantoor. Institutionele incubator; geen aparte rechtspersoon.", "id": "geonames-2992017", "provider": "GeoNames", "coordinate_source": "https://www.geonames.org/2992017/", "label": "Montrouge (stadsniveau)", "coordinate_source_id": "eur-geonames"}, "status": "researched", "tht": false, "kvk": null, "website": "https://beta.gouv.fr/incubateurs/ademe.html", "relevance": "Incubator voor digitale klimaatdiensten, waaronder gemeentelijke klimaatsturing en stedelijke hitteaanpak. Institutionele incubator; geen aparte rechtspersoon.", "govtech_basis": "Concrete publieke digitale dienstverlening, incubatie of samenwerking beschreven in de gekoppelde primaire bron.", "staff": null, "checked": "2026-09-09", "ecosystem_scope": "europe", "entity_type": "programme"}}, {"type": "Feature", "geometry": {"type": "Point", "coordinates": [4.91303, 45.73865]}, "properties": {"id": "cerema-accelerema", "name": "Accélérema (Cerema)", "kind": "hub", "themes": ["Digitale overheid", "Innovatie", "Community"], "description": "Publieke incubator voor digitale diensten rond klimaat en ruimtelijke ontwikkeling; sinds 2025 verbonden met Cerema’s datateam.", "source_ids": ["fg2-cerema-incubator", "fg2-beta-bilan", "fg2-cerema-address"], "city": "Bron", "country": "FR", "country_code": "FR", "country_name": "Frankrijk", "location": {"city": "Bron", "country": "FR", "country_code": "FR", "precision": "city", "lat": 45.73865, "lon": 4.91303, "source_ids": ["fg2-cerema-address", "eur-geonames"], "note": "Benaderd stadsreferentiepunt, geen individueel kantoor. Institutionele incubator; geen aparte rechtspersoon. Stad van moederorganisatie Cerema; individueel incubatorkantoor niet vastgesteld.", "id": "geonames-3029931", "provider": "GeoNames", "coordinate_source": "https://www.geonames.org/3029931/", "label": "Bron (stadsniveau)", "coordinate_source_id": "eur-geonames"}, "status": "researched", "tht": false, "kvk": null, "website": "https://beta.gouv.fr/incubateurs/accelerema.html", "relevance": "Publieke incubator voor digitale diensten rond klimaat en ruimtelijke ontwikkeling; sinds 2025 verbonden met Cerema’s datateam. Institutionele incubator; geen aparte rechtspersoon. Stad van moederorganisatie Cerema; individueel incubatorkantoor niet vastgesteld.", "govtech_basis": "Concrete publieke digitale dienstverlening, incubatie of samenwerking beschreven in de gekoppelde primaire bron.", "staff": null, "checked": "2026-09-09", "ecosystem_scope": "europe", "entity_type": "programme"}}, {"type": "Feature", "geometry": {"type": "Point", "coordinates": [3.87635, 43.61093]}, "properties": {"id": "adullact", "name": "ADULLACT", "kind": "hub", "themes": ["Digitale overheid", "Open source", "Community"], "description": "Landelijke vereniging die publieke open-sourcesoftware en hergebruik door lokale overheden organiseert.", "source_ids": ["fg2-adullact-convention", "fg2-adullact-scale", "fg2-adullact-address"], "city": "Montpellier", "country": "FR", "country_code": "FR", "country_name": "Frankrijk", "location": {"city": "Montpellier", "country": "FR", "country_code": "FR", "precision": "city", "lat": 43.61093, "lon": 3.87635, "source_ids": ["fg2-adullact-address", "eur-geonames"], "note": "Benaderd stadsreferentiepunt, geen individueel kantoor. ", "id": "geonames-2992166", "provider": "GeoNames", "coordinate_source": "https://www.geonames.org/2992166/", "label": "Montpellier (stadsniveau)", "coordinate_source_id": "eur-geonames"}, "status": "researched", "tht": false, "kvk": null, "website": "https://adullact.org/", "relevance": "Landelijke vereniging die publieke open-sourcesoftware en hergebruik door lokale overheden organiseert. ", "govtech_basis": "Concrete publieke digitale dienstverlening, incubatie of samenwerking beschreven in de gekoppelde primaire bron.", "staff": null, "checked": "2026-09-09", "ecosystem_scope": "europe", "entity_type": "organisation"}}, {"type": "Feature", "geometry": {"type": "Point", "coordinates": [11.96679, 57.70716]}, "properties": {"id": "ai-sweden", "name": "AI Sweden", "kind": "hub", "country": "SE", "country_code": "SE", "country_name": "Zweden", "city": "Göteborg", "location": {"city": "Göteborg", "country": "SE", "country_code": "SE", "precision": "city", "source_ids": ["gs2-ai-contact", "eur-geonames"], "lat": 57.70716, "lon": 11.96679, "postcode": null, "street": null, "number": null, "note": "Benaderd stadsreferentiepunt; geen individueel kantoor. Eén van meerdere locaties; formeel gehost door Lindholmen Science Park.", "geonames_city": "Göteborg", "id": "geonames-2711537", "provider": "GeoNames", "coordinate_source": "https://www.geonames.org/2711537/", "label": "Göteborg (stadsniveau)", "coordinate_source_id": "eur-geonames"}, "description": "Nationaal centrum voor toegepaste AI; coördineert het publieke digitale-assistentenprogramma Svea.", "source_ids": ["gs2-ai-sweden", "gs2-svea", "gs2-ai-contact"], "website": "https://www.ai.se/", "themes": ["Digitale overheid", "Innovatie", "Europese samenwerking"], "status": "researched", "checked": "2026-09-09", "ecosystem_scope": "europe", "tht": false, "kvk": null, "staff": null, "entity_type": "organisation", "relevance": "Geselecteerd op een concrete publieke innovatie- of digitaliseringsrol; zie relaties en brondata. Geen zelfstandige soevereiniteitsbeoordeling."}}, {"type": "Feature", "geometry": {"type": "Point", "coordinates": [8.69079, 49.40768]}, "properties": {"id": "aleph-alpha", "name": "Aleph Alpha", "kind": "company", "themes": ["Digitale overheid", "AI"], "description": "AI-technologiebedrijf; hielp het F13-prototype ontwikkelen. Volgens de overheid is Aleph Alpha sinds de volledige versie niet meer bij F13 betrokken.", "source_ids": ["fg2-f13", "fg2-govtech-members", "fg2-aleph-address", "fg2-f13-update-2025"], "city": "Heidelberg", "country": "DE", "country_code": "DE", "country_name": "Duitsland", "location": {"city": "Heidelberg", "country": "DE", "country_code": "DE", "precision": "city", "lat": 49.40768, "lon": 8.69079, "source_ids": ["fg2-aleph-address", "eur-geonames"], "note": "Benaderd stadsreferentiepunt, geen individueel kantoor. ", "id": "geonames-2907911", "provider": "GeoNames", "coordinate_source": "https://www.geonames.org/2907911/", "label": "Heidelberg (stadsniveau)", "coordinate_source_id": "eur-geonames"}, "status": "researched", "tht": false, "kvk": null, "website": "https://aleph-alpha.com/", "relevance": "AI-technologiebedrijf; hielp het F13-prototype ontwikkelen. Volgens de overheid is Aleph Alpha sinds de volledige versie niet meer bij F13 betrokken. Het actuele GovTech Deutschland-lidmaatschap is afzonderlijk onderbouwd.", "govtech_basis": "Concrete publieke digitale dienstverlening, incubatie of samenwerking beschreven in de gekoppelde primaire bron.", "staff": null, "checked": "2026-09-09", "ecosystem_scope": "europe", "entity_type": "organisation"}}, {"type": "Feature", "geometry": {"type": "Point", "coordinates": [12.53345, 57.93033]}, "properties": {"id": "alingsas-kommun", "name": "Alingsås kommun", "kind": "government", "country": "SE", "country_code": "SE", "country_name": "Zweden", "city": "Alingsås", "location": {"city": "Alingsås", "country": "SE", "country_code": "SE", "precision": "city", "source_ids": ["gs2-alingsas-contact", "eur-geonames"], "lat": 57.93033, "lon": 12.53345, "postcode": null, "street": null, "number": null, "note": "Benaderd stadsreferentiepunt; geen individueel kantoor. ", "geonames_city": "Alingsås", "id": "geonames-2726756", "provider": "GeoNames", "coordinate_source": "https://www.geonames.org/2726756/", "label": "Alingsås (stadsniveau)", "coordinate_source_id": "eur-geonames"}, "description": "Gemeente betrokken bij SustainGov-vooronderzoek naar digitale inkoop en het Svea-programma.", "source_ids": ["gs2-sustaingov-lockin", "gs2-svea", "gs2-alingsas-contact", "gs2-skovde-lockin"], "website": "https://www.alingsas.se/", "themes": ["Digitale overheid", "Innovatie", "Europese samenwerking"], "status": "researched", "checked": "2026-09-09", "ecosystem_scope": "europe", "tht": false, "kvk": null, "staff": null, "entity_type": "organisation", "relevance": "Geselecteerd op een concrete publieke innovatie- of digitaliseringsrol; zie relaties en brondata. Geen zelfstandige soevereiniteitsbeoordeling."}}, {"type": "Feature", "geometry": {"type": "Point", "coordinates": [2.3488, 48.85341]}, "properties": {"id": "alliance-dinum", "name": "ALLiaNCE – incubateur IA de l’État", "kind": "hub", "themes": ["Digitale overheid", "Innovatie", "Community"], "description": "Incubator binnen DINUM voor AI-producten van de overheid, waaronder Albert API en toepassingen voor justitie.", "source_ids": ["fg2-alliance"], "city": "Parijs", "country": "FR", "country_code": "FR", "country_name": "Frankrijk", "location": {"city": "Parijs", "country": "FR", "country_code": "FR", "precision": "city", "lat": 48.85341, "lon": 2.3488, "source_ids": ["fg2-alliance", "eur-geonames"], "note": "Benaderd stadsreferentiepunt, geen individueel kantoor. Interne incubator bij DINUM; geen zelfstandige rechtspersoon.", "geonames_city": "Paris", "id": "geonames-2988507", "provider": "GeoNames", "coordinate_source": "https://www.geonames.org/2988507/", "label": "Parijs (stadsniveau)", "coordinate_source_id": "eur-geonames"}, "status": "researched", "tht": false, "kvk": null, "website": "https://beta.gouv.fr/incubateurs/alliance", "relevance": "Incubator binnen DINUM voor AI-producten van de overheid, waaronder Albert API en toepassingen voor justitie. Interne incubator bij DINUM; geen zelfstandige rechtspersoon.", "govtech_basis": "Concrete publieke digitale dienstverlening, incubatie of samenwerking beschreven in de gekoppelde primaire bron.", "staff": null, "checked": "2026-09-09", "ecosystem_scope": "europe", "entity_type": "programme"}}, {"type": "Feature", "geometry": {"type": "Point", "coordinates": [-7.92716, 37.01869]}, "properties": {"id": "amal", "name": "AMAL – Comunidade Intermunicipal do Algarve", "kind": "government", "country": "PT", "country_code": "PT", "country_name": "Portugal", "themes": ["Digitale overheid", "Innovatie"], "description": "Intergemeentelijke organisatie van de Algarve; kernpartner van LabX bij experimenteel ontwerp van regionale rampenrisico-governance in 2021–2023.", "source_ids": ["ib2-rr2"], "city": "Faro", "location": {"city": "Faro", "country": "PT", "country_code": "PT", "precision": "city", "lat": 37.01869, "lon": -7.92716, "source_ids": ["ib2-amal-address", "eur-geonames"], "note": "Benaderd stadsreferentiepunt; geen individueel kantoor. ", "geonames_city": "Faro", "id": "geonames-2268339", "provider": "GeoNames", "coordinate_source": "https://www.geonames.org/2268339/", "label": "Faro (stadsniveau)", "coordinate_source_id": "eur-geonames"}, "status": "researched", "tht": false, "kvk": null, "website": "https://www.arte.gov.pt/wp-content/uploads/2026/05/RR2_Relatorio_20230217.pdf", "relevance": "Intergemeentelijke organisatie van de Algarve; kernpartner van LabX bij experimenteel ontwerp van regionale rampenrisico-governance in 2021–2023. Opname bewijst geen digitale soevereiniteit of actuele leveranciersopdracht.", "govtech_basis": "Intergemeentelijke organisatie van de Algarve; kernpartner van LabX bij experimenteel ontwerp van regionale rampenrisico-governance in 2021–2023.", "staff": null, "checked": "2026-09-09", "ecosystem_scope": "europe", "entity_type": "organisation"}}, {"type": "Feature", "geometry": {"type": "Point", "coordinates": [4.32317126, 52.06752891]}, "properties": {"id": "amazon-cs-the-hague", "name": "Amazon CS Netherlands B.V.", "kind": "bigtech", "themes": ["Cloud", "Big Tech"], "description": "Juridische entiteit in de KvK-export. Ter vergelijking opgenomen, niet aangemerkt als GovTech-alternatief.", "source_ids": ["kvk-2025"], "city": "Den Haag", "location": {"city": "Den Haag", "postcode": "2521EN", "number": null, "street": null, "precision": "postcode", "note": "Geregistreerde postcode augustus 2025; meerdere entiteiten zijn niet meerdere kantoren.", "source_ids": ["kvk-2025", "pdok"], "lat": 52.06752891, "lon": 4.32317126, "label": "Johanna Westerdijkplein, 2521EN 's-Gravenhage", "query": "https://api.pdok.nl/bzk/locatieserver/search/v3_1/free?rows=20&q=2521EN&fq=type%3Apostcode&fq=postcode%3A2521EN", "provider": "PDOK", "id": "pcd-c468c0afcdea350ee65a2a4beb9b815b", "country": "NL", "province": "Zuid-Holland"}, "status": "register", "tht": false, "kvk": "77956311", "website": null, "staff": null, "checked": "2026-09-05", "relevance": "Vermelding is een verkenningskandidaat, geen bevestigde overheidsleverancier. Eigendom, hosting en inkoopgeschiktheid zijn niet beoordeeld.", "country": "NL", "province": "Zuid-Holland"}}, {"type": "Feature", "geometry": {"type": "Point", "coordinates": [4.32317126, 52.06752891]}, "properties": {"id": "amazon-data-services-the-hague", "name": "Amazon Data Services Netherlands N.V.", "kind": "bigtech", "themes": ["Cloud", "Big Tech"], "description": "Juridische entiteit in de KvK-export. Ter vergelijking opgenomen, niet aangemerkt als GovTech-alternatief.", "source_ids": ["kvk-2025"], "city": "Den Haag", "location": {"city": "Den Haag", "postcode": "2521EN", "number": null, "street": null, "precision": "postcode", "note": "Geregistreerde postcode augustus 2025; meerdere entiteiten zijn niet meerdere kantoren.", "source_ids": ["kvk-2025", "pdok"], "lat": 52.06752891, "lon": 4.32317126, "label": "Johanna Westerdijkplein, 2521EN 's-Gravenhage", "query": "https://api.pdok.nl/bzk/locatieserver/search/v3_1/free?rows=20&q=2521EN&fq=type%3Apostcode&fq=postcode%3A2521EN", "provider": "PDOK", "id": "pcd-c468c0afcdea350ee65a2a4beb9b815b", "country": "NL", "province": "Zuid-Holland"}, "status": "register", "tht": false, "kvk": "61925926", "website": null, "staff": null, "checked": "2026-09-05", "relevance": "Vermelding is een verkenningskandidaat, geen bevestigde overheidsleverancier. Eigendom, hosting en inkoopgeschiktheid zijn niet beoordeeld.", "country": "NL", "province": "Zuid-Holland"}}, {"type": "Feature", "geometry": {"type": "Point", "coordinates": [4.32317126, 52.06752891]}, "properties": {"id": "amazon-development-center-the-hague", "name": "Amazon Development Center (Netherlands) B.V.", "kind": "bigtech", "themes": ["Cloud", "Big Tech"], "description": "Juridische entiteit in de KvK-export. Ter vergelijking opgenomen, niet aangemerkt als GovTech-alternatief.", "source_ids": ["kvk-2025"], "city": "Den Haag", "location": {"city": "Den Haag", "postcode": "2521EN", "number": null, "street": null, "precision": "postcode", "note": "Geregistreerde postcode augustus 2025; meerdere entiteiten zijn niet meerdere kantoren.", "source_ids": ["kvk-2025", "pdok"], "lat": 52.06752891, "lon": 4.32317126, "label": "Johanna Westerdijkplein, 2521EN 's-Gravenhage", "query": "https://api.pdok.nl/bzk/locatieserver/search/v3_1/free?rows=20&q=2521EN&fq=type%3Apostcode&fq=postcode%3A2521EN", "provider": "PDOK", "id": "pcd-c468c0afcdea350ee65a2a4beb9b815b", "country": "NL", "province": "Zuid-Holland"}, "status": "register", "tht": false, "kvk": "56869649", "website": null, "staff": null, "checked": "2026-09-05", "relevance": "Vermelding is een verkenningskandidaat, geen bevestigde overheidsleverancier. Eigendom, hosting en inkoopgeschiktheid zijn niet beoordeeld.", "country": "NL", "province": "Zuid-Holland"}}, {"type": "Feature", "geometry": {"type": "Point", "coordinates": [-8.54569, 42.88052]}, "properties": {"id": "amtega", "name": "AMTEGA – Axencia para a Modernización Tecnolóxica de Galicia", "kind": "government", "country": "ES", "country_code": "ES", "country_name": "Spanje", "themes": ["Digitale overheid", "Innovatie"], "description": "Galicische publieke digitaliseringsorganisatie; deelnemer aan GovTech4All-dataruimtenpilot en initiatiefnemer van digitale-tweelinguitdagingen in 2026.", "source_ids": ["ib2-amtega-current", "ib2-pilot"], "city": "Santiago de Compostela", "location": {"city": "Santiago de Compostela", "country": "ES", "country_code": "ES", "precision": "city", "lat": 42.88052, "lon": -8.54569, "source_ids": ["ib2-amtega-address", "eur-geonames"], "note": "Benaderd stadsreferentiepunt; geen individueel kantoor. ", "geonames_city": "Santiago de Compostela", "id": "geonames-3109642", "provider": "GeoNames", "coordinate_source": "https://www.geonames.org/3109642/", "label": "Santiago de Compostela (stadsniveau)", "coordinate_source_id": "eur-geonames"}, "status": "researched", "tht": false, "kvk": null, "website": "https://amtega.xunta.gal/es/noticia/la-xunta-impulsa-un-concurso-de-ideas-para-aplicar-soluciones-innovadoras-basadas-en", "relevance": "Galicische publieke digitaliseringsorganisatie; deelnemer aan GovTech4All-dataruimtenpilot en initiatiefnemer van digitale-tweelinguitdagingen in 2026. Opname bewijst geen digitale soevereiniteit of actuele leveranciersopdracht.", "govtech_basis": "Galicische publieke digitaliseringsorganisatie; deelnemer aan GovTech4All-dataruimtenpilot en initiatiefnemer van digitale-tweelinguitdagingen in 2026.", "staff": null, "checked": "2026-09-09", "ecosystem_scope": "europe", "entity_type": "organisation"}}, {"type": "Feature", "geometry": {"type": "Point", "coordinates": [-9.24671, 38.72706]}, "properties": {"id": "anepc", "name": "ANEPC", "kind": "government", "country": "PT", "country_code": "PT", "country_name": "Portugal", "themes": ["Digitale overheid", "Innovatie"], "description": "Nationale nood- en civielebeschermingsautoriteit; werkte met LabX en AMAL aan de publieke innovatiepilot Região Resiliente 2.0.", "source_ids": ["ib2-rr2"], "city": "Carnaxide", "location": {"city": "Carnaxide", "country": "PT", "country_code": "PT", "precision": "city", "lat": 38.72706, "lon": -9.24671, "source_ids": ["ib2-anepc-address", "eur-geonames"], "note": "Benaderd stadsreferentiepunt; geen individueel kantoor. ", "geonames_city": "Carnaxide", "id": "geonames-2270157", "provider": "GeoNames", "coordinate_source": "https://www.geonames.org/2270157/", "label": "Carnaxide (stadsniveau)", "coordinate_source_id": "eur-geonames"}, "status": "researched", "tht": false, "kvk": null, "website": "https://www.arte.gov.pt/wp-content/uploads/2026/05/RR2_Relatorio_20230217.pdf", "relevance": "Nationale nood- en civielebeschermingsautoriteit; werkte met LabX en AMAL aan de publieke innovatiepilot Região Resiliente 2.0. Opname bewijst geen digitale soevereiniteit of actuele leveranciersopdracht.", "govtech_basis": "Nationale nood- en civielebeschermingsautoriteit; werkte met LabX en AMAL aan de publieke innovatiepilot Região Resiliente 2.0.", "staff": null, "checked": "2026-09-09", "ecosystem_scope": "europe", "entity_type": "organisation"}}, {"type": "Feature", "geometry": {"type": "Point", "coordinates": [4.32470913, 52.06994473]}, "properties": {"id": "appsignal", "name": "AppSignal", "kind": "company", "themes": ["Software", "Monitoring"], "description": "Applicatie-monitoring voor ontwikkelteams. Een gepubliceerde THT-case beschrijft advies van NexyZ.", "source_ids": ["tht-appsignal"], "city": "Den Haag", "status": "researched", "tht": true, "kvk": null, "website": "https://www.appsignal.com", "location": {"city": "Den Haag", "postcode": "2521CA", "number": 5, "street": "Waldorpstraat", "precision": "hub", "note": "Referentiepunt The Hague Tech, geen geverifieerd individueel kantoor. Communityvermelding kan historisch zijn.", "source_ids": ["tht-appsignal", "tht-move", "pdok"], "lat": 52.06994473, "lon": 4.32470913, "label": "Waldorpstraat 5, 2521CA 's-Gravenhage", "query": "https://api.pdok.nl/bzk/locatieserver/search/v3_1/free?rows=20&q=Waldorpstraat&fq=type%3Aadres&fq=postcode%3A2521CA&fq=huisnummer%3A5", "provider": "PDOK", "id": "adr-2752a817fd31f5ea6a8430e39cf18ed4", "country": "NL", "province": "Zuid-Holland"}, "relevance": "Potentieel relevant voor betrouwbaarheid van digitale dienstverlening. Geen overheidsklant gevonden in de geraadpleegde bron.", "staff": null, "checked": "2026-09-05", "country": "NL", "province": "Zuid-Holland"}}, {"type": "Feature", "geometry": {"type": "Point", "coordinates": [9.99302, 53.55073]}, "properties": {"id": "aric-hamburg", "name": "ARIC Hamburg", "kind": "hub", "themes": ["Digitale overheid", "AI", "Community"], "description": "AI-community die via een overeenkomst met Hamburg samenwerking tussen AI-startups en publieke diensten ondersteunt.", "source_ids": ["fg2-aric-hamburg", "fg2-aric-address"], "city": "Hamburg", "country": "DE", "country_code": "DE", "country_name": "Duitsland", "location": {"city": "Hamburg", "country": "DE", "country_code": "DE", "precision": "city", "lat": 53.55073, "lon": 9.99302, "source_ids": ["fg2-aric-address", "eur-geonames"], "note": "Benaderd stadsreferentiepunt, geen individueel kantoor. ", "id": "geonames-2911298", "provider": "GeoNames", "coordinate_source": "https://www.geonames.org/2911298/", "label": "Hamburg (stadsniveau)", "coordinate_source_id": "eur-geonames"}, "status": "researched", "tht": false, "kvk": null, "website": "https://aric-hamburg.de/", "relevance": "AI-community die via een overeenkomst met Hamburg samenwerking tussen AI-startups en publieke diensten ondersteunt. ", "govtech_basis": "Concrete publieke digitale dienstverlening, incubatie of samenwerking beschreven in de gekoppelde primaire bron.", "staff": null, "checked": "2026-09-09", "ecosystem_scope": "europe", "entity_type": "organisation"}}, {"type": "Feature", "geometry": {"type": "Point", "coordinates": [-9.1498, 38.72509]}, "properties": {"id": "arte-pt", "name": "ARTE – Agência para a Reforma Tecnológica do Estado", "kind": "government", "country": "PT", "country_code": "PT", "country_name": "Portugal", "themes": ["Digitale overheid", "Innovatie"], "description": "Nationale uitvoeringsorganisatie voor digitale overheid; moederorganisatie van LabX en coördinator van AI4PA. Voortgekomen uit herstructurering AMA in 2025.", "source_ids": ["ib2-arte", "ib2-ai4pa"], "city": "Lissabon", "location": {"city": "Lissabon", "country": "PT", "country_code": "PT", "precision": "city", "lat": 38.72509, "lon": -9.1498, "source_ids": ["ib2-arte-address", "eur-geonames"], "note": "Benaderd stadsreferentiepunt; geen individueel kantoor. ", "geonames_city": "Lisbon", "id": "geonames-2267057", "provider": "GeoNames", "coordinate_source": "https://www.geonames.org/2267057/", "label": "Lissabon (stadsniveau)", "coordinate_source_id": "eur-geonames"}, "status": "researched", "tht": false, "kvk": null, "website": "https://www.arte.gov.pt/quem-somos/", "relevance": "Nationale uitvoeringsorganisatie voor digitale overheid; moederorganisatie van LabX en coördinator van AI4PA. Voortgekomen uit herstructurering AMA in 2025. Opname bewijst geen digitale soevereiniteit of actuele leveranciersopdracht.", "govtech_basis": "Nationale uitvoeringsorganisatie voor digitale overheid; moederorganisatie van LabX en coördinator van AI4PA. Voortgekomen uit herstructurering AMA in 2025.", "staff": null, "checked": "2026-09-09", "ecosystem_scope": "europe", "entity_type": "organisation", "aliases": ["Agência para a Modernização Administrativa (AMA)"]}}, {"type": "Feature", "geometry": {"type": "Point", "coordinates": [4.90454379, 52.37344272]}, "properties": {"id": "atabix", "name": "Atabix", "kind": "company", "themes": ["Digitale overheid", "Zaakgericht werken"], "description": "Ontwikkelt SaaS voor overheidsprocessen: zaakgericht werken, formulieren en digitale dienstverlening. De productpagina richt zich expliciet op de overheidsmarkt.", "source_ids": ["atabix-about"], "city": "Amsterdam", "country": "NL", "status": "researched", "tht": false, "kvk": null, "website": "https://www.atabix.nl", "location": {"city": "Amsterdam", "postcode": null, "number": null, "street": null, "precision": "city", "note": "Stadsreferentie uit de bron; geen exact kantooradres.", "source_ids": ["atabix-about", "pdok"], "lat": 52.37344272, "lon": 4.90454379, "label": "Amsterdam, Amsterdam, Noord-Holland", "query": "https://api.pdok.nl/bzk/locatieserver/search/v3_1/free?rows=20&q=Amsterdam&fq=type%3Awoonplaats", "provider": "PDOK", "id": "wpl-62fe60a4eea50b7c33ba3d9c39a21e6a", "country": "NL", "province": "Noord-Holland"}, "relevance": "Specifieke oplossingen voor overheden beschreven. Eigendom, hosting en inkoopgeschiktheid vragen apart onderzoek.", "staff": null, "checked": "2026-09-09", "province": "Noord-Holland"}}, {"type": "Feature", "geometry": {"type": "Point", "coordinates": [23.8, 38.05]}, "properties": {"id": "athena-research", "name": "Athena Research Center", "kind": "knowledge", "country": "GR", "country_code": "GR", "country_name": "Griekenland", "city": "Marousi", "location": {"city": "Marousi", "country": "GR", "country_code": "GR", "precision": "city", "source_ids": ["gs2-gr-digigov-ec", "eur-geonames"], "lat": 38.05, "lon": 23.8, "postcode": null, "street": null, "number": null, "note": "Benaderd stadsreferentiepunt; geen individueel kantoor. Openbaar adres uit de EU-projectcatalogus; geen exclusieve hoofdzetel geclaimd.", "geonames_city": "Maroúsi", "id": "geonames-265243", "provider": "GeoNames", "coordinate_source": "https://www.geonames.org/265243/", "label": "Marousi (stadsniveau)", "coordinate_source_id": "eur-geonames"}, "description": "Onderzoekscentrum en partner in zowel digiGOV-innoHUB als Smart Attica.", "source_ids": ["gs2-grnet-hub", "gs2-gr-digigov-ec", "gs2-smartattica-ec"], "website": "https://www.athenarc.gr/en", "themes": ["Digitale overheid", "Innovatie", "Europese samenwerking"], "status": "researched", "checked": "2026-09-09", "ecosystem_scope": "europe", "tht": false, "kvk": null, "staff": null, "entity_type": "organisation", "relevance": "Geselecteerd op een concrete publieke innovatie- of digitaliseringsrol; zie relaties en brondata. Geen zelfstandige soevereiniteitsbeoordeling."}}, {"type": "Feature", "geometry": {"type": "Point", "coordinates": [-3.70256, 40.4165]}, "properties": {"id": "ayuntamiento-madrid", "name": "Ayuntamiento de Madrid – Oficina Digital", "kind": "government", "country": "ES", "country_code": "ES", "country_name": "Spanje", "themes": ["Digitale overheid", "Innovatie"], "description": "Gemeentelijke digitale directie, betrokken bij de GovTech4All-startupchallenge en publieke innovatie-inkoop.", "source_ids": ["ib2-pilot"], "city": "Madrid", "location": {"city": "Madrid", "country": "ES", "country_code": "ES", "precision": "city", "lat": 40.4165, "lon": -3.70256, "source_ids": ["ib2-madrid-address", "eur-geonames"], "note": "Benaderd stadsreferentiepunt; geen individueel kantoor. ", "geonames_city": "Madrid", "id": "geonames-3117735", "provider": "GeoNames", "coordinate_source": "https://www.geonames.org/3117735/", "label": "Madrid (stadsniveau)", "coordinate_source_id": "eur-geonames"}, "status": "researched", "tht": false, "kvk": null, "website": "https://www.gobe.studio/en/proyectos/govtech4all", "relevance": "Gemeentelijke digitale directie, betrokken bij de GovTech4All-startupchallenge en publieke innovatie-inkoop. Opname bewijst geen digitale soevereiniteit of actuele leveranciersopdracht.", "govtech_basis": "Gemeentelijke digitale directie, betrokken bij de GovTech4All-startupchallenge en publieke innovatie-inkoop.", "staff": null, "checked": "2026-09-09", "ecosystem_scope": "europe", "entity_type": "organisational_unit"}}, {"type": "Feature", "geometry": {"type": "Point", "coordinates": [5.86972884, 51.00040578]}, "properties": {"id": "bct", "name": "BCT", "city": "Sittard", "kind": "company", "themes": ["Software", "Informatiebeheer", "Archivering"], "description": "Ontwikkelt Corsa en Verix voor informatie- en documentbeheer. Beschrijft een langdurige rol bij gemeenten, provincies en regionale diensten en introductie van Corsa Workspace in 2026.", "source_ids": ["nl-bct-address", "nl-bct-history"], "status": "researched", "tht": false, "kvk": null, "website": "https://bctsoftware.com", "staff": null, "checked": "2026-09-09", "relevance": "Overheidsgerichte informatiebeheerleverancier op basis van eigen producthistorie. Specifieke huidige publieke klantrelaties niet afzonderlijk bevestigd in deze onderzoeksronde.", "location": {"city": "Sittard", "postcode": null, "number": null, "street": null, "precision": "city", "note": "Woonplaatsreferentie van een publiek vermeld zakelijk kantoor; geen exact kantoorpunt. Eén vestiging per organisatie, geen volledig vestigingenregister.", "source_ids": ["nl-bct-address", "pdok"], "lat": 51.00040578, "lon": 5.86972884, "country": "NL", "label": "Sittard, Sittard-Geleen, Limburg", "query": "https://api.pdok.nl/bzk/locatieserver/search/v3_1/free?rows=20&q=Sittard&fq=type%3Awoonplaats", "provider": "PDOK", "id": "wpl-f1a85f02c547dd768ebe43a915eaefba", "province": "Limburg"}, "country": "NL", "province": "Limburg"}}, {"type": "Feature", "geometry": {"type": "Point", "coordinates": [9.22527, 49.18912]}, "properties": {"id": "bechtle", "name": "Bechtle AG", "kind": "company", "themes": ["Digitale overheid", "Cloud", "AI"], "description": "Technologiedienstverlener; kreeg in mei 2026 een GovTech Deutschland-raamovereenkomst voor cloud- en AI-diensten.", "source_ids": ["fg2-bechtle-award", "fg2-govtech-members", "fg2-bechtle-address"], "city": "Neckarsulm", "country": "DE", "country_code": "DE", "country_name": "Duitsland", "location": {"city": "Neckarsulm", "country": "DE", "country_code": "DE", "precision": "city", "lat": 49.18912, "lon": 9.22527, "source_ids": ["fg2-bechtle-address", "eur-geonames"], "note": "Benaderd stadsreferentiepunt, geen individueel kantoor. ", "id": "geonames-2866758", "provider": "GeoNames", "coordinate_source": "https://www.geonames.org/2866758/", "label": "Neckarsulm (stadsniveau)", "coordinate_source_id": "eur-geonames"}, "status": "researched", "tht": false, "kvk": null, "website": "https://www.bechtle.com/", "relevance": "Technologiedienstverlener; kreeg in mei 2026 een GovTech Deutschland-raamovereenkomst voor cloud- en AI-diensten. ", "govtech_basis": "Concrete publieke digitale dienstverlening, incubatie of samenwerking beschreven in de gekoppelde primaire bron.", "staff": null, "checked": "2026-09-09", "ecosystem_scope": "europe", "entity_type": "organisation"}}, {"type": "Feature", "geometry": {"type": "Point", "coordinates": [-9.1498, 38.72509]}, "properties": {"id": "beta-i", "name": "Beta-i", "kind": "support", "themes": ["Community", "Innovatie", "Europese samenwerking"], "description": "Innovatie- en ecosysteemorganisatie. Ontwikkelde met Digicampus een methode voor het voorbereiden van GovTech4All-pilots.", "source_ids": ["eur-digi-beta", "eur-beta-services", "eur-beta-address"], "city": "Lissabon", "country": "PT", "country_code": "PT", "location": {"city": "Lissabon", "country": "PT", "country_code": "PT", "postcode": null, "street": null, "number": null, "precision": "city", "note": "Benaderd stadsreferentiepunt, geen individueel kantoor. ", "source_ids": ["eur-beta-address", "eur-geonames"], "lat": 38.72509, "lon": -9.1498, "label": "Lissabon (stadsniveau)", "provider": "GeoNames", "coordinate_source": "https://www.geonames.org/2267057/", "coordinate_source_id": "eur-geonames", "id": "geonames-2267057", "country_name": "Portugal"}, "status": "researched", "tht": false, "kvk": null, "website": "https://beta-i.com/", "relevance": "Onderbouwde Europese ecosysteemrol. Geen bewijs van leverancierscontracten of digitale soevereiniteit.", "staff": null, "checked": "2026-09-09", "ecosystem_scope": "europe", "country_name": "Portugal"}}, {"type": "Feature", "geometry": {"type": "Point", "coordinates": [2.3488, 48.85341]}, "properties": {"id": "beta-gouv", "name": "beta.gouv.fr", "kind": "hub", "themes": ["Digitale overheid", "Innovatie", "Community"], "description": "Nationaal programma en netwerk van incubators voor digitale publieke diensten; 19 actieve incubators in het jaarverslag 2025.", "source_ids": ["fg2-beta-bilan", "fg2-beta-host"], "city": "Parijs", "country": "FR", "country_code": "FR", "country_name": "Frankrijk", "location": {"city": "Parijs", "country": "FR", "country_code": "FR", "precision": "city", "lat": 48.85341, "lon": 2.3488, "source_ids": ["fg2-beta-host", "eur-geonames"], "note": "Benaderd stadsreferentiepunt, geen individueel kantoor. Programma bij DINUM; kaartstad van de coördinerende eenheid, geen aparte rechtspersoon.", "geonames_city": "Paris", "id": "geonames-2988507", "provider": "GeoNames", "coordinate_source": "https://www.geonames.org/2988507/", "label": "Parijs (stadsniveau)", "coordinate_source_id": "eur-geonames"}, "status": "researched", "tht": false, "kvk": null, "website": "https://beta.gouv.fr/", "relevance": "Nationaal programma en netwerk van incubators voor digitale publieke diensten; 19 actieve incubators in het jaarverslag 2025. Programma bij DINUM; kaartstad van de coördinerende eenheid, geen aparte rechtspersoon.", "govtech_basis": "Concrete publieke digitale dienstverlening, incubatie of samenwerking beschreven in de gekoppelde primaire bron.", "staff": null, "checked": "2026-09-09", "ecosystem_scope": "europe", "entity_type": "programme"}}, {"type": "Feature", "geometry": {"type": "Point", "coordinates": [-2.92528, 43.26271]}, "properties": {"id": "bind-govtech", "name": "BIND GovTech", "kind": "hub", "country": "ES", "country_code": "ES", "country_name": "Spanje", "themes": ["Digitale overheid", "Innovatie"], "description": "Baskisch programma voor startups en publieke organisaties; SPRI rapporteerde 25 geïnitieerde innovatieprojecten sinds 2023 en negen deelnemende publieke organisaties in de derde editie.", "source_ids": ["ib2-bind", "ib2-bind-faq"], "city": "Bilbao", "location": {"city": "Bilbao", "country": "ES", "country_code": "ES", "precision": "city", "lat": 43.26271, "lon": -2.92528, "source_ids": ["ib2-bind", "eur-geonames"], "note": "Benaderd stadsreferentiepunt; geen individueel kantoor. Stad van organiserende SPRI; apart programma binnen het bredere BIND-platform, geen extra rechtspersoon.", "geonames_city": "Bilbao", "id": "geonames-3128026", "provider": "GeoNames", "coordinate_source": "https://www.geonames.org/3128026/", "label": "Bilbao (stadsniveau)", "coordinate_source_id": "eur-geonames"}, "status": "researched", "tht": false, "kvk": null, "website": "https://www.spri.eus/es/blog/emprendimiento/el-gobierno-vasco-conecta-startups-innovadoras-con-siete-sociedades-publicas-vascas-en-la-iniciativa-bind-govtech/", "relevance": "Baskisch programma voor startups en publieke organisaties; SPRI rapporteerde 25 geïnitieerde innovatieprojecten sinds 2023 en negen deelnemende publieke organisaties in de derde editie. Opname bewijst geen digitale soevereiniteit of actuele leveranciersopdracht.", "govtech_basis": "Baskisch programma voor startups en publieke organisaties; SPRI rapporteerde 25 geïnitieerde innovatieprojecten sinds 2023 en negen deelnemende publieke organisaties in de derde editie.", "staff": null, "checked": "2026-09-09", "ecosystem_scope": "europe", "entity_type": "programme"}}, {"type": "Feature", "geometry": {"type": "Point", "coordinates": [4.32470913, 52.06994473]}, "properties": {"id": "bluegen", "name": "BlueGen.ai", "kind": "company", "themes": ["AI", "Privacy", "Synthetische data"], "description": "Software voor het genereren van synthetische data, gericht op datadeling met minder blootstelling van brondata.", "source_ids": ["bluegen", "tht-move"], "city": "Den Haag", "status": "researched", "tht": true, "kvk": "87618109", "website": "https://bluegen.ai", "location": {"city": "Den Haag", "postcode": "2521CA", "number": 5, "street": "Waldorpstraat", "precision": "hub", "note": "Referentiepunt The Hague Tech, geen geverifieerd individueel kantoor. Communityvermelding kan historisch zijn.", "source_ids": ["tht-move", "pdok"], "lat": 52.06994473, "lon": 4.32470913, "label": "Waldorpstraat 5, 2521CA 's-Gravenhage", "query": "https://api.pdok.nl/bzk/locatieserver/search/v3_1/free?rows=20&q=Waldorpstraat&fq=type%3Aadres&fq=postcode%3A2521CA&fq=huisnummer%3A5", "provider": "PDOK", "id": "adr-2752a817fd31f5ea6a8430e39cf18ed4", "country": "NL", "province": "Zuid-Holland"}, "relevance": "Mogelijke toepassing bij privacybewust testen en onderzoek. Geen specifieke Haagse overheidsopdracht bevestigd.", "staff": null, "checked": "2026-09-05", "country": "NL", "province": "Zuid-Holland"}}, {"type": "Feature", "geometry": {"type": "Point", "coordinates": [5.45853544, 51.45016172]}, "properties": {"id": "report-brainport-eindhoven", "name": "Brainport Eindhoven", "kind": "hub", "themes": ["Innovatie"], "description": "Opgenomen als initiatief in het PUBLIC-rapport uit 2021, pagina 85. Huidige naam, locatie en activiteiten zijn niet opnieuw geverifieerd.", "source_ids": ["public-2021"], "city": "Eindhoven", "location": {"city": "Eindhoven", "postcode": null, "number": null, "street": null, "precision": "city", "note": "Historische woonplaats, PUBLIC 2021 p. 85; geen actueel vestigingsadres.", "source_ids": ["public-2021", "pdok"], "lat": 51.45016172, "lon": 5.45853544, "label": "Eindhoven, Eindhoven, Noord-Brabant", "query": "https://api.pdok.nl/bzk/locatieserver/search/v3_1/free?rows=20&q=Eindhoven&fq=type%3Awoonplaats", "provider": "PDOK", "id": "wpl-e00997593fa854ee041244e352a8bb06", "country": "NL", "province": "Noord-Brabant"}, "status": "historical", "tht": false, "kvk": null, "website": null, "staff": null, "checked": "2026-09-05", "relevance": "Vermelding is een verkenningskandidaat, geen bevestigde overheidsleverancier. Eigendom, hosting en inkoopgeschiktheid zijn niet beoordeeld.", "report_page": 85, "country": "NL", "province": "Noord-Brabant"}}, {"type": "Feature", "geometry": {"type": "Point", "coordinates": [6.1488133, 51.37905246]}, "properties": {"id": "report-brightlands-campus-greenport-venlo", "name": "Brightlands Campus Greenport Venlo", "kind": "hub", "themes": ["Innovatie"], "description": "Opgenomen als initiatief in het PUBLIC-rapport uit 2021, pagina 85. Huidige naam, locatie en activiteiten zijn niet opnieuw geverifieerd.", "source_ids": ["public-2021"], "city": "Venlo", "location": {"city": "Venlo", "postcode": null, "number": null, "street": null, "precision": "city", "note": "Historische woonplaats, PUBLIC 2021 p. 85; geen actueel vestigingsadres.", "source_ids": ["public-2021", "pdok"], "lat": 51.37905246, "lon": 6.1488133, "label": "Venlo, Venlo, Limburg", "query": "https://api.pdok.nl/bzk/locatieserver/search/v3_1/free?rows=20&q=Venlo&fq=type%3Awoonplaats", "provider": "PDOK", "id": "wpl-aa9d9c441090324fb566ad29d4320d1f", "country": "NL", "province": "Limburg"}, "status": "historical", "tht": false, "kvk": null, "website": null, "staff": null, "checked": "2026-09-05", "relevance": "Vermelding is een verkenningskandidaat, geen bevestigde overheidsleverancier. Eigendom, hosting en inkoopgeschiktheid zijn niet beoordeeld.", "report_page": 85, "country": "NL", "province": "Limburg"}}, {"type": "Feature", "geometry": {"type": "Point", "coordinates": [5.81094123, 50.97826344]}, "properties": {"id": "report-brightlands-chemelot-campus", "name": "Brightlands Chemelot Campus", "kind": "hub", "themes": ["Innovatie"], "description": "Opgenomen als initiatief in het PUBLIC-rapport uit 2021, pagina 85. Huidige naam, locatie en activiteiten zijn niet opnieuw geverifieerd.", "source_ids": ["public-2021"], "city": "Geleen", "location": {"city": "Geleen", "postcode": null, "number": null, "street": null, "precision": "city", "note": "Historische woonplaats, PUBLIC 2021 p. 85; geen actueel vestigingsadres.", "source_ids": ["public-2021", "pdok"], "lat": 50.97826344, "lon": 5.81094123, "label": "Geleen, Sittard-Geleen, Limburg", "query": "https://api.pdok.nl/bzk/locatieserver/search/v3_1/free?rows=20&q=Geleen&fq=type%3Awoonplaats", "provider": "PDOK", "id": "wpl-92b3ff52e01caa3542835e7e485a7c5d", "country": "NL", "province": "Limburg"}, "status": "historical", "tht": false, "kvk": null, "website": null, "staff": null, "checked": "2026-09-05", "relevance": "Vermelding is een verkenningskandidaat, geen bevestigde overheidsleverancier. Eigendom, hosting en inkoopgeschiktheid zijn niet beoordeeld.", "report_page": 85, "country": "NL", "province": "Limburg"}}, {"type": "Feature", "geometry": {"type": "Point", "coordinates": [5.6995303, 50.85296715]}, "properties": {"id": "report-brightlands-maastricht-health-campus", "name": "Brightlands Maastricht Health Campus", "kind": "hub", "themes": ["Innovatie"], "description": "Opgenomen als initiatief in het PUBLIC-rapport uit 2021, pagina 85. Huidige naam, locatie en activiteiten zijn niet opnieuw geverifieerd.", "source_ids": ["public-2021"], "city": "Maastricht", "location": {"city": "Maastricht", "postcode": null, "number": null, "street": null, "precision": "city", "note": "Historische woonplaats, PUBLIC 2021 p. 85; geen actueel vestigingsadres.", "source_ids": ["public-2021", "pdok"], "lat": 50.85296715, "lon": 5.6995303, "label": "Maastricht, Maastricht, Limburg", "query": "https://api.pdok.nl/bzk/locatieserver/search/v3_1/free?rows=20&q=Maastricht&fq=type%3Awoonplaats", "provider": "PDOK", "id": "wpl-d6563125b006167e64b268c007d9e470", "country": "NL", "province": "Limburg"}, "status": "historical", "tht": false, "kvk": null, "website": null, "staff": null, "checked": "2026-09-05", "relevance": "Vermelding is een verkenningskandidaat, geen bevestigde overheidsleverancier. Eigendom, hosting en inkoopgeschiktheid zijn niet beoordeeld.", "report_page": 85, "country": "NL", "province": "Limburg"}}, {"type": "Feature", "geometry": {"type": "Point", "coordinates": [5.97859513, 50.88800888]}, "properties": {"id": "report-brightlands-smart-services-campus", "name": "Brightlands Smart Services Campus", "kind": "hub", "themes": ["Innovatie"], "description": "Opgenomen als initiatief in het PUBLIC-rapport uit 2021, pagina 85. Huidige naam, locatie en activiteiten zijn niet opnieuw geverifieerd.", "source_ids": ["public-2021"], "city": "Heerlen", "location": {"city": "Heerlen", "postcode": null, "number": null, "street": null, "precision": "city", "note": "Historische woonplaats, PUBLIC 2021 p. 85; geen actueel vestigingsadres.", "source_ids": ["public-2021", "pdok"], "lat": 50.88800888, "lon": 5.97859513, "label": "Heerlen, Heerlen, Limburg", "query": "https://api.pdok.nl/bzk/locatieserver/search/v3_1/free?rows=20&q=Heerlen&fq=type%3Awoonplaats", "provider": "PDOK", "id": "wpl-0f450011e85c5f5595482c2269f3158e", "country": "NL", "province": "Limburg"}, "status": "historical", "tht": false, "kvk": null, "website": null, "staff": null, "checked": "2026-09-05", "relevance": "Vermelding is een verkenningskandidaat, geen bevestigde overheidsleverancier. Eigendom, hosting en inkoopgeschiktheid zijn niet beoordeeld.", "report_page": 85, "country": "NL", "province": "Limburg"}}, {"type": "Feature", "geometry": {"type": "Point", "coordinates": [17.3063, 62.39129]}, "properties": {"id": "bron-govtech-sweden", "name": "Bron Innovation / GovTech Sweden", "kind": "hub", "themes": ["Community", "Digitale overheid", "Innovatie"], "description": "Bron Innovation coördineert het nationale GovTech Sweden-ecosysteem en verbindt publieke en private deelnemers.", "source_ids": ["eur-bron-role", "eur-govtech4all"], "city": "Sundsvall", "country": "SE", "country_code": "SE", "location": {"city": "Sundsvall", "country": "SE", "country_code": "SE", "postcode": null, "street": null, "number": null, "precision": "city", "note": "Benaderd stadsreferentiepunt, geen individueel kantoor. Bron vermeldt een kantoor in Sundsvall naast andere regionale locaties; geen exclusieve hoofdzetel geclaimd.", "source_ids": ["eur-bron-role", "eur-geonames"], "lat": 62.39129, "lon": 17.3063, "label": "Sundsvall (stadsniveau)", "provider": "GeoNames", "coordinate_source": "https://www.geonames.org/2670781/", "coordinate_source_id": "eur-geonames", "id": "geonames-2670781", "country_name": "Zweden"}, "status": "researched", "tht": false, "kvk": null, "website": "https://www.broninnovation.se/", "relevance": "Onderbouwde Europese ecosysteemrol. Geen bewijs van leverancierscontracten of digitale soevereiniteit.", "staff": null, "checked": "2026-09-09", "ecosystem_scope": "europe", "country_name": "Zweden"}}, {"type": "Feature", "geometry": {"type": "Point", "coordinates": [4.70620369, 52.01530151]}, "properties": {"id": "centric", "name": "Centric", "city": "Gouda", "kind": "company", "themes": ["Software", "Digitale overheid", "Gemeenten"], "description": "Gemeentelijke software voor burgerzaken, belastingen, sociaal domein en digitale dienstverlening; de leverancierscase beschrijft ondersteuning van Hengelo bij Cognos.", "source_ids": ["nl-centric-address", "nl-centric-products", "nl-centric-hengelo"], "status": "researched", "tht": false, "kvk": null, "website": "https://www.centric.eu", "staff": null, "checked": "2026-09-09", "relevance": "Directe toepassing bij publieke dienstverlening, onderbouwd met primaire product- of klantbronnen. Eigendom, hostingketen en digitale soevereiniteit zijn niet als geheel beoordeeld.", "location": {"city": "Gouda", "postcode": null, "number": null, "street": null, "precision": "city", "note": "Woonplaatsreferentie van een publiek vermeld zakelijk kantoor; geen exact kantoorpunt. Eén vestiging per organisatie, geen volledig vestigingenregister.", "source_ids": ["nl-centric-address", "pdok"], "lat": 52.01530151, "lon": 4.70620369, "country": "NL", "label": "Gouda, Gouda, Zuid-Holland", "query": "https://api.pdok.nl/bzk/locatieserver/search/v3_1/free?rows=20&q=Gouda&fq=type%3Awoonplaats", "provider": "PDOK", "id": "wpl-776f023d10d641d1a96dbf553ba6856c", "province": "Zuid-Holland"}, "country": "NL", "province": "Zuid-Holland"}}, {"type": "Feature", "geometry": {"type": "Point", "coordinates": [4.48653571, 51.92248806]}, "properties": {"id": "cgi-nederland", "name": "CGI Nederland", "kind": "company", "themes": ["Digitale overheid", "Cybersecurity", "Cloud"], "description": "IT- en adviesorganisatie met cybersecurity-, cloud-, AI- en dataoplossingen voor overheden; officiële CGI-pagina’s noemen Rijkswaterstaat als klant.", "source_ids": ["cgi-government", "cgi-clients"], "city": "Rotterdam", "status": "researched", "tht": false, "kvk": "33136004", "website": "https://www.cgi.com/nl/nl", "location": {"city": "Rotterdam", "postcode": null, "number": null, "street": null, "precision": "city", "note": "City from the August 2025 KvK corporate snapshot; no private street address published.", "source_ids": ["kvk-2025", "cgi-government", "cgi-clients", "pdok"], "lat": 51.92248806, "lon": 4.48653571, "label": "Rotterdam, Rotterdam, Zuid-Holland", "query": "https://api.pdok.nl/bzk/locatieserver/search/v3_1/free?rows=20&q=Rotterdam&fq=type%3Awoonplaats", "provider": "PDOK", "id": "wpl-055d1ceec024dcc35de9ffae9d18bd7b", "country": "NL", "province": "Zuid-Holland"}, "relevance": "Overheidssectoractiviteit en een genoemde klant zijn onderbouwd; dit is geen inkoopadvies.", "staff": null, "checked": "2026-09-09", "country": "NL", "province": "Zuid-Holland"}}, {"type": "Feature", "geometry": {"type": "Point", "coordinates": [13.41053, 52.52437]}, "properties": {"id": "citylab-berlin", "name": "CityLAB Berlin", "kind": "hub", "themes": ["Digitale overheid", "Innovatie", "Community"], "description": "Publiek innovatielab voor digitale gemeentelijke diensten, open source en participatie; organiseert ook GovTech TestLAB.", "source_ids": ["fg2-citylab", "fg2-citylab-itdz"], "city": "Berlijn", "country": "DE", "country_code": "DE", "country_name": "Duitsland", "location": {"city": "Berlijn", "country": "DE", "country_code": "DE", "precision": "city", "lat": 52.52437, "lon": 13.41053, "source_ids": ["fg2-citylab", "eur-geonames"], "note": "Benaderd stadsreferentiepunt, geen individueel kantoor. Programma van Technologiestiftung Berlin, geen afzonderlijke rechtspersoon.", "geonames_city": "Berlin", "id": "geonames-2950159", "provider": "GeoNames", "coordinate_source": "https://www.geonames.org/2950159/", "label": "Berlijn (stadsniveau)", "coordinate_source_id": "eur-geonames"}, "status": "researched", "tht": false, "kvk": null, "website": "https://citylab-berlin.org/", "relevance": "Publiek innovatielab voor digitale gemeentelijke diensten, open source en participatie; organiseert ook GovTech TestLAB. Programma van Technologiestiftung Berlin, geen afzonderlijke rechtspersoon.", "govtech_basis": "Concrete publieke digitale dienstverlening, incubatie of samenwerking beschreven in de gekoppelde primaire bron.", "staff": null, "checked": "2026-09-09", "ecosystem_scope": "europe", "entity_type": "programme"}}, {"type": "Feature", "geometry": {"type": "Point", "coordinates": [4.32470913, 52.06994473]}, "properties": {"id": "codesphere", "name": "Codesphere", "kind": "company", "themes": ["Cloud", "Software", "On-premise"], "description": "Duits cloudplatform met een Nederlandse vestiging bij The Hague Tech volgens de hubpublicatie.", "source_ids": ["tht-codesphere"], "city": "Den Haag", "status": "researched", "tht": true, "kvk": null, "website": "https://www.codesphere.com", "location": {"city": "Den Haag", "postcode": "2521CA", "number": 5, "street": "Waldorpstraat", "precision": "hub", "note": "Referentiepunt The Hague Tech, geen geverifieerd individueel kantoor. Communityvermelding kan historisch zijn.", "source_ids": ["tht-codesphere", "tht-move", "pdok"], "lat": 52.06994473, "lon": 4.32470913, "label": "Waldorpstraat 5, 2521CA 's-Gravenhage", "query": "https://api.pdok.nl/bzk/locatieserver/search/v3_1/free?rows=20&q=Waldorpstraat&fq=type%3Aadres&fq=postcode%3A2521CA&fq=huisnummer%3A5", "provider": "PDOK", "id": "adr-2752a817fd31f5ea6a8430e39cf18ed4", "country": "NL", "province": "Zuid-Holland"}, "relevance": "Potentieel alternatief voor ontwikkel- en cloudinfrastructuur. Geen Nederlandse overheidsopdracht aangetoond in deze bron.", "staff": null, "checked": "2026-09-05", "country": "NL", "province": "Zuid-Holland"}}, {"type": "Feature", "geometry": {"type": "Point", "coordinates": [4.90454379, 52.37344272]}, "properties": {"id": "conduction", "name": "Conduction", "kind": "company", "themes": ["Digitale overheid", "Open source"], "description": "Bouwt open source componenten voor publieke dienstverlening, zoals OpenRegister, OpenCatalogi en OpenWoo. Publiceert een netwerk van implementatiepartners.", "source_ids": ["conduction-about", "conduction-partners"], "city": "Amsterdam", "country": "NL", "status": "researched", "tht": false, "kvk": "76741850", "website": "https://www.conduction.nl", "location": {"city": "Amsterdam", "postcode": null, "number": null, "street": null, "precision": "city", "note": "Stadsreferentie uit de bron; geen exact kantooradres.", "source_ids": ["conduction-about", "conduction-partners", "pdok"], "lat": 52.37344272, "lon": 4.90454379, "label": "Amsterdam, Amsterdam, Noord-Holland", "query": "https://api.pdok.nl/bzk/locatieserver/search/v3_1/free?rows=20&q=Amsterdam&fq=type%3Awoonplaats", "provider": "PDOK", "id": "wpl-62fe60a4eea50b7c33ba3d9c39a21e6a", "country": "NL", "province": "Noord-Holland"}, "relevance": "Specifieke oplossingen voor overheden beschreven. Eigendom, hosting en inkoopgeschiktheid vragen apart onderzoek.", "staff": null, "checked": "2026-09-09", "province": "Noord-Holland"}}, {"type": "Feature", "geometry": {"type": "Point", "coordinates": [4.51995408, 51.92486792]}, "properties": {"id": "gts-489", "name": "Data Crunch", "kind": "company", "themes": ["Economie", "Artificial Intelligence"], "description": "Datacrunch is a data analytics company that supports policy-makers and organisations in making more informed, evidence-based decisions by transforming large volumes of unstructured text data into clear, actionable insights.", "source_ids": ["eu-companies", "kvk-2025"], "city": "Rotterdam", "location": {"city": "Rotterdam", "postcode": "3062HN", "number": null, "street": null, "precision": "postcode", "note": "Exacte naam en websitedomein komen overeen met KvK. Postcode uit augustus 2025; geen kantoorcontrole.", "source_ids": ["kvk-2025", "pdok"], "lat": 51.92486792, "lon": 4.51995408, "label": "Louise de Colignylaan, 3062HN Rotterdam", "query": "https://api.pdok.nl/bzk/locatieserver/search/v3_1/free?rows=20&q=3062HN&fq=type%3Apostcode&fq=postcode%3A3062HN", "provider": "PDOK", "id": "pcd-5df81c21316a608c4516083adb614e0c", "country": "NL", "province": "Zuid-Holland"}, "status": "catalogue", "tht": false, "kvk": "77090314", "website": "https://www.datacrunch.nl/", "staff": "0-10 employees", "checked": "2026-09-05", "relevance": "Vermelding is een verkenningskandidaat, geen bevestigde overheidsleverancier. Eigendom, hosting en inkoopgeschiktheid zijn niet beoordeeld.", "coverage_countries": ["NL"], "catalogue_id": "GTS-489", "source_updated": "28/04/2026", "source_status": "Active", "source_method": "Desk research", "description_language": "en", "kvk_candidates": [{"name": "Datacrunch", "kvk_number": "77090314", "city": "Rotterdam", "postcode": "3062 HN", "website": "www.datacrunch.nl"}], "country": "NL", "province": "Zuid-Holland"}}, {"type": "Feature", "geometry": {"type": "Point", "coordinates": [4.462659, 52.27100002]}, "properties": {"id": "decos", "name": "Decos", "city": "Noordwijk", "kind": "company", "themes": ["Software", "Zaakgericht werken", "Open standaarden"], "description": "JOIN ondersteunt zaakgericht werken, archivering, klantcontact en burgercommunicatie. Amsterdam wordt genoemd in een testimonial over samenwerking tussen stadsdelen.", "source_ids": ["nl-decos-address", "nl-decos-products", "nl-decos-amsterdam", "nl-decos-province-pdok", "nl-decos-privacy-address"], "status": "researched", "tht": false, "kvk": null, "website": "https://decos.com", "staff": null, "checked": "2026-09-09", "relevance": "Directe toepassing bij publieke dienstverlening, onderbouwd met primaire product- of klantbronnen. Eigendom, hostingketen en digitale soevereiniteit zijn niet als geheel beoordeeld.", "location": {"city": "Noordwijk", "postcode": "2201DK", "number": null, "street": null, "precision": "city", "note": "Stadsreferentie Noordwijk, Zuid-Holland. Privacyverklaring noemt Huygensstraat 30, 2201 DK; PDOK bevestigt provincie. Postcode dient uitsluitend plaatsdisambiguatie; kaart blijft op woonplaatsniveau.", "source_ids": ["nl-decos-address", "nl-decos-province-pdok", "nl-decos-privacy-address", "pdok"], "lat": 52.27100002, "lon": 4.462659, "country": "NL", "province": "Zuid-Holland", "label": "Noordwijk, Noordwijk, Zuid-Holland", "query": "https://api.pdok.nl/bzk/locatieserver/search/v3_1/free?rows=20&q=Noordwijk&fq=type%3Awoonplaats", "provider": "PDOK", "id": "wpl-bcb0474e31aae7bb860aca13a5b4e6c2"}, "country": "NL", "province": "Zuid-Holland"}}, {"type": "Feature", "geometry": {"type": "Point", "coordinates": [5.09520363, 52.0886922]}, "properties": {"id": "delta10", "name": "Delta10", "kind": "company", "themes": ["Digitale overheid", "Open source"], "description": "Ondersteunt gemeenten met open source software, waaronder Open Formulieren en Signalen. Gepubliceerde implementaties in Ede en Leiden.", "source_ids": ["delta10-contact", "delta10-ede", "delta10-leiden"], "city": "Utrecht", "country": "NL", "status": "researched", "tht": false, "kvk": "75244136", "website": "https://www.delta10.nl", "location": {"city": "Utrecht", "postcode": null, "number": null, "street": null, "precision": "city", "note": "Stadsreferentie uit de bron; geen exact kantooradres.", "source_ids": ["delta10-contact", "delta10-ede", "delta10-leiden", "pdok"], "lat": 52.0886922, "lon": 5.09520363, "label": "Utrecht, Utrecht, Utrecht", "query": "https://api.pdok.nl/bzk/locatieserver/search/v3_1/free?rows=20&q=Utrecht&fq=type%3Awoonplaats", "provider": "PDOK", "id": "wpl-d7676180b7f172bcb7356429b19563a5", "country": "NL", "province": "Utrecht"}, "relevance": "Specifieke oplossingen voor overheden beschreven. Eigendom, hosting en inkoopgeschiktheid vragen apart onderzoek.", "staff": null, "checked": "2026-09-09", "province": "Utrecht"}}, {"type": "Feature", "geometry": {"type": "Point", "coordinates": [5.45853544, 51.45016172]}, "properties": {"id": "gts-1034", "name": "Dembrane", "kind": "company", "themes": ["Digitale overheid"], "description": "Dembrane is an Eindhoven-based start-up focused on building “systems that empower every voice to participate in decisions about their world by building accessible tools that enable democratic decision making at scale.” Among its projects, Common Ground has been developed to integrate an AI-moderator in citizens' consultations, aimed at democratising the decision-making process.", "source_ids": ["eu-companies"], "city": "Eindhoven", "location": {"city": "Eindhoven", "postcode": null, "number": null, "street": null, "precision": "city", "note": "Woonplaats uit EU-beschrijving; geen bevestigd kantooradres.", "source_ids": ["eu-companies", "pdok"], "lat": 51.45016172, "lon": 5.45853544, "label": "Eindhoven, Eindhoven, Noord-Brabant", "query": "https://api.pdok.nl/bzk/locatieserver/search/v3_1/free?rows=20&q=Eindhoven&fq=type%3Awoonplaats", "provider": "PDOK", "id": "wpl-e00997593fa854ee041244e352a8bb06", "country": "NL", "province": "Noord-Brabant"}, "status": "catalogue", "tht": false, "kvk": null, "website": "https://www.dembrane.com/en-US", "staff": null, "checked": "2026-09-05", "relevance": "Vermelding is een verkenningskandidaat, geen bevestigde overheidsleverancier. Eigendom, hosting en inkoopgeschiktheid zijn niet beoordeeld.", "coverage_countries": ["NL"], "catalogue_id": "GTS-1034", "source_updated": "30/04/2025", "source_status": "Active", "source_method": "Desk research", "description_language": "en", "kvk_candidates": [], "country": "NL", "province": "Noord-Brabant"}}, {"type": "Feature", "geometry": {"type": "Point", "coordinates": [17.3063, 62.39129]}, "properties": {"id": "digg", "name": "Digg – Myndigheten för digital förvaltning", "kind": "government", "country": "SE", "country_code": "SE", "country_name": "Zweden", "city": "Sundsvall", "location": {"city": "Sundsvall", "country": "SE", "country_code": "SE", "precision": "city", "source_ids": ["gs2-digg-contact", "eur-geonames"], "lat": 62.39129, "lon": 17.3063, "postcode": null, "street": null, "number": null, "note": "Benaderd stadsreferentiepunt; geen individueel kantoor. ", "geonames_city": "Sundsvall", "id": "geonames-2670781", "provider": "GeoNames", "coordinate_source": "https://www.geonames.org/2670781/", "label": "Sundsvall (stadsniveau)", "coordinate_source_id": "eur-geonames"}, "description": "Zweedse instantie voor digitale overheid; partner in SustainGov en gesprekspartner van eSam.", "source_ids": ["gs2-sustaingov-about", "gs2-esam-about", "gs2-digg-contact", "gs2-sustaingov-partners-current"], "website": "https://www.digg.se/", "themes": ["Digitale overheid", "Innovatie", "Europese samenwerking"], "status": "researched", "checked": "2026-09-09", "ecosystem_scope": "europe", "tht": false, "kvk": null, "staff": null, "entity_type": "organisation", "relevance": "Geselecteerd op een concrete publieke innovatie- of digitaliseringsrol; zie relaties en brondata. Geen zelfstandige soevereiniteitsbeoordeling."}}, {"type": "Feature", "geometry": {"type": "Point", "coordinates": [4.32470913, 52.06994473]}, "properties": {"id": "digicampus", "name": "Digicampus", "kind": "knowledge", "themes": ["Digitale overheid", "Innovatie"], "description": "Samenwerkingsomgeving voor overheid, wetenschap, bedrijven en burgers rond publieke dienstverlening.", "source_ids": ["digi-partners", "onegov", "eu-initiatives"], "city": "Den Haag", "status": "researched", "tht": true, "kvk": null, "website": "https://digicampus.tech", "location": {"city": "Den Haag", "postcode": "2521CA", "number": 5, "street": "Waldorpstraat", "precision": "address", "note": "Contactadres op Digicampus-evenementpagina. Het oudere Delft-punt uit de EU-atlas is niet gebruikt.", "source_ids": ["onegov", "pdok"], "lat": 52.06994473, "lon": 4.32470913, "label": "Waldorpstraat 5, 2521CA 's-Gravenhage", "query": "https://api.pdok.nl/bzk/locatieserver/search/v3_1/free?rows=20&q=Waldorpstraat&fq=type%3Aadres&fq=postcode%3A2521CA&fq=huisnummer%3A5", "provider": "PDOK", "id": "adr-2752a817fd31f5ea6a8430e39cf18ed4", "country": "NL", "province": "Zuid-Holland"}, "relevance": "Ecosysteemrol of mogelijke toepassing; geen inkoopadvies of bewijs van digitale soevereiniteit.", "staff": null, "checked": "2026-09-05", "country": "NL", "province": "Zuid-Holland"}}, {"type": "Feature", "geometry": {"type": "Point", "coordinates": [4.29300083, 52.07207291]}, "properties": {"id": "digidentity", "name": "Digidentity", "city": "Den Haag", "kind": "company", "themes": ["Identiteit", "eHerkenning", "Digitale overheid"], "description": "Aanbieder van digitale identiteit en ondertekening; door eHerkenning vermeld als erkende leverancier en makelaar.", "source_ids": ["nl-digidentity-address", "nl-eherkenning", "digidentity-government", "digidentity-address"], "status": "researched", "tht": false, "kvk": "27322631", "website": "https://www.digidentity.eu", "staff": null, "checked": "2026-09-09", "relevance": "Directe toepassing bij publieke dienstverlening, onderbouwd met primaire product- of klantbronnen. Eigendom, hostingketen en digitale soevereiniteit zijn niet als geheel beoordeeld.", "location": {"city": "Den Haag", "postcode": null, "number": null, "street": null, "precision": "city", "note": "Woonplaatsreferentie van een publiek vermeld zakelijk kantoor; geen exact kantoorpunt. Eén vestiging per organisatie, geen volledig vestigingenregister.", "source_ids": ["nl-digidentity-address", "pdok"], "lat": 52.07207291, "lon": 4.29300083, "country": "NL", "label": "'s-Gravenhage, 's-Gravenhage, Zuid-Holland", "query": "https://api.pdok.nl/bzk/locatieserver/search/v3_1/free?rows=20&q=%27s-Gravenhage&fq=type%3Awoonplaats", "provider": "PDOK", "id": "wpl-3597581be599a52df395ce19248ab9f5", "province": "Zuid-Holland"}, "country": "NL", "province": "Zuid-Holland"}}, {"type": "Feature", "geometry": {"type": "Point", "coordinates": [13.41053, 52.52437]}, "properties": {"id": "digitalservice-bund", "name": "DigitalService des Bundes", "kind": "government", "themes": ["Digitale overheid", "Innovatie", "Community"], "description": "Federale digitale uitvoeringsorganisatie; bouwt publieke diensten en verzamelt met NExT praktijkkennis in GovImpact.", "source_ids": ["fg2-govimpact", "fg2-digitalservice-address"], "city": "Berlijn", "country": "DE", "country_code": "DE", "country_name": "Duitsland", "location": {"city": "Berlijn", "country": "DE", "country_code": "DE", "precision": "city", "lat": 52.52437, "lon": 13.41053, "source_ids": ["fg2-digitalservice-address", "eur-geonames"], "note": "Benaderd stadsreferentiepunt, geen individueel kantoor. ", "geonames_city": "Berlin", "id": "geonames-2950159", "provider": "GeoNames", "coordinate_source": "https://www.geonames.org/2950159/", "label": "Berlijn (stadsniveau)", "coordinate_source_id": "eur-geonames"}, "status": "researched", "tht": false, "kvk": null, "website": "https://digitalservice.bund.de/", "relevance": "Federale digitale uitvoeringsorganisatie; bouwt publieke diensten en verzamelt met NExT praktijkkennis in GovImpact. ", "govtech_basis": "Concrete publieke digitale dienstverlening, incubatie of samenwerking beschreven in de gekoppelde primaire bron.", "staff": null, "checked": "2026-09-09", "ecosystem_scope": "europe", "entity_type": "organisation"}}, {"type": "Feature", "geometry": {"type": "Point", "coordinates": [13.50357, 59.3793]}, "properties": {"id": "digitalwell-arena", "name": "DigitalWell Arena", "kind": "hub", "country": "SE", "country_code": "SE", "country_name": "Zweden", "city": "Karlstad", "location": {"city": "Karlstad", "country": "SE", "country_code": "SE", "precision": "city", "source_ids": ["gs2-digitalwell-about", "gs2-compare-contact", "eur-geonames"], "lat": 59.3793, "lon": 13.50357, "postcode": null, "street": null, "number": null, "note": "Benaderd stadsreferentiepunt; geen individueel kantoor. Stadsreferentie van projecteigenaar Compare.", "geonames_city": "Karlstad", "id": "geonames-2701680", "provider": "GeoNames", "coordinate_source": "https://www.geonames.org/2701680/", "label": "Karlstad (stadsniveau)", "coordinate_source_id": "eur-geonames"}, "description": "Ecosysteem voor digitale zorginnovatie en innovatie via publieke inkoop.", "source_ids": ["gs2-digitalwell-about", "gs2-compare-contact"], "website": "https://www.digitalwellarena.se/", "themes": ["Digitale overheid", "Innovatie", "Europese samenwerking"], "status": "researched", "checked": "2026-09-09", "ecosystem_scope": "europe", "tht": false, "kvk": null, "staff": null, "entity_type": "programme", "relevance": "Geselecteerd op een concrete publieke innovatie- of digitaliseringsrol; zie relaties en brondata. Geen zelfstandige soevereiniteitsbeoordeling."}}, {"type": "Feature", "geometry": {"type": "Point", "coordinates": [6.8777881, 52.22080698]}, "properties": {"id": "dimpact", "name": "Dimpact", "city": "Enschede", "kind": "government", "themes": ["Common Ground", "Open source", "Gemeenten"], "description": "Overheidscoöperatie voor gezamenlijke digitale gemeentelijke dienstverlening, betrokken bij Open Inwoner en Open Formulieren.", "source_ids": ["nl-dimpact-address", "nl-maykin-vng", "nl-wigo-dimpact"], "status": "researched", "tht": false, "kvk": null, "website": "https://www.dimpact.nl", "staff": null, "checked": "2026-09-09", "relevance": "Directe toepassing bij publieke dienstverlening, onderbouwd met primaire product- of klantbronnen. Eigendom, hostingketen en digitale soevereiniteit zijn niet als geheel beoordeeld.", "location": {"city": "Enschede", "postcode": null, "number": null, "street": null, "precision": "city", "note": "Woonplaatsreferentie van een publiek vermeld zakelijk kantoor; geen exact kantoorpunt. Eén vestiging per organisatie, geen volledig vestigingenregister.", "source_ids": ["nl-dimpact-address", "pdok"], "lat": 52.22080698, "lon": 6.8777881, "country": "NL", "label": "Enschede, Enschede, Overijssel", "query": "https://api.pdok.nl/bzk/locatieserver/search/v3_1/free?rows=20&q=Enschede&fq=type%3Awoonplaats", "provider": "PDOK", "id": "wpl-7e38cfd998799b64b8bea5e71d8a4a76", "province": "Overijssel"}, "country": "NL", "province": "Overijssel"}}, {"type": "Feature", "geometry": {"type": "Point", "coordinates": [2.3488, 48.85341]}, "properties": {"id": "dinum", "name": "DINUM", "kind": "government", "themes": ["Digitale overheid", "Rules as Code", "Open source"], "description": "Franse interministeriële directie voor digitalisering; werkt met Digicampus en GRNET aan regels als code voor publieke dienstverlening.", "source_ids": ["eur-digi-pra", "eur-dinum-address"], "city": "Parijs", "country": "FR", "country_code": "FR", "location": {"city": "Parijs", "country": "FR", "country_code": "FR", "postcode": null, "street": null, "number": null, "precision": "city", "note": "Benaderd stadsreferentiepunt, geen individueel kantoor. ", "source_ids": ["eur-dinum-address", "eur-geonames"], "lat": 48.85341, "lon": 2.3488, "label": "Parijs (stadsniveau)", "provider": "GeoNames", "coordinate_source": "https://www.geonames.org/2988507/", "coordinate_source_id": "eur-geonames", "id": "geonames-2988507", "country_name": "Frankrijk"}, "status": "researched", "tht": false, "kvk": null, "website": "https://www.numerique.gouv.fr/", "relevance": "Onderbouwde Europese ecosysteemrol. Geen bewijs van leverancierscontracten of digitale soevereiniteit.", "staff": null, "checked": "2026-09-09", "ecosystem_scope": "europe", "country_name": "Frankrijk"}}, {"type": "Feature", "geometry": {"type": "Point", "coordinates": [3.44327971, 51.4707676]}, "properties": {"id": "report-dockwize", "name": "Dockwize", "kind": "hub", "themes": ["Innovatie"], "description": "Opgenomen als initiatief in het PUBLIC-rapport uit 2021, pagina 85. Huidige naam, locatie en activiteiten zijn niet opnieuw geverifieerd.", "source_ids": ["public-2021"], "city": "Vlissingen", "location": {"city": "Vlissingen", "postcode": null, "number": null, "street": null, "precision": "city", "note": "Historische woonplaats, PUBLIC 2021 p. 85; geen actueel vestigingsadres.", "source_ids": ["public-2021", "pdok"], "lat": 51.4707676, "lon": 3.44327971, "label": "Vlissingen, Vlissingen, Zeeland", "query": "https://api.pdok.nl/bzk/locatieserver/search/v3_1/free?rows=20&q=Vlissingen&fq=type%3Awoonplaats", "provider": "PDOK", "id": "wpl-e41b0226821f0bed6c162e3779eb4d94", "country": "NL", "province": "Zeeland"}, "status": "historical", "tht": false, "kvk": null, "website": null, "staff": null, "checked": "2026-09-05", "relevance": "Vermelding is een verkenningskandidaat, geen bevestigde overheidsleverancier. Eigendom, hosting en inkoopgeschiktheid zijn niet beoordeeld.", "report_page": 85, "country": "NL", "province": "Zeeland"}}, {"type": "Feature", "geometry": {"type": "Point", "coordinates": [0.58856, 43.64561]}, "properties": {"id": "declic-fr", "name": "Déclic – réseau des OPSN", "kind": "hub", "themes": ["Digitale overheid", "Open source", "Community"], "description": "Landelijke federatie van publieke digitale dienstverleners; deelt kennis, diensten en hulpmiddelen voor gemeenten.", "source_ids": ["fg2-declic-role", "fg2-declic-adullact", "fg2-declic-address"], "city": "Auch", "country": "FR", "country_code": "FR", "country_name": "Frankrijk", "location": {"city": "Auch", "country": "FR", "country_code": "FR", "precision": "city", "lat": 43.64561, "lon": 0.58856, "source_ids": ["fg2-declic-address", "eur-geonames"], "note": "Benaderd stadsreferentiepunt, geen individueel kantoor. Stad van publieke verenigingszetel bij CDG32; netwerk werkt landelijk.", "id": "geonames-3036281", "provider": "GeoNames", "coordinate_source": "https://www.geonames.org/3036281/", "label": "Auch (stadsniveau)", "coordinate_source_id": "eur-geonames"}, "status": "researched", "tht": false, "kvk": null, "website": "https://www.asso-declic.fr/", "relevance": "Landelijke federatie van publieke digitale dienstverleners; deelt kennis, diensten en hulpmiddelen voor gemeenten. Stad van publieke verenigingszetel bij CDG32; netwerk werkt landelijk.", "govtech_basis": "Concrete publieke digitale dienstverlening, incubatie of samenwerking beschreven in de gekoppelde primaire bron.", "staff": null, "checked": "2026-09-09", "ecosystem_scope": "europe", "entity_type": "organisation"}}, {"type": "Feature", "geometry": {"type": "Point", "coordinates": [4.47576582, 51.91642577]}, "properties": {"id": "gts-387", "name": "Easygenerator", "kind": "company", "themes": ["Onderwijs", "Artificial Intelligence"], "description": "Easygenerator is an e-learning technology company whose purpose is to make training creation faster, more scalable and accessible to employees across an organisation, not only specialist learning teams.", "source_ids": ["eu-companies", "kvk-2025"], "city": "Rotterdam", "location": {"city": "Rotterdam", "postcode": "3012KN", "number": null, "street": null, "precision": "postcode", "note": "Exacte naam en websitedomein komen overeen met KvK. Postcode uit augustus 2025; geen kantoorcontrole.", "source_ids": ["kvk-2025", "pdok"], "lat": 51.91642577, "lon": 4.47576582, "label": "Westblaak, 3012KN Rotterdam", "query": "https://api.pdok.nl/bzk/locatieserver/search/v3_1/free?rows=20&q=3012KN&fq=type%3Apostcode&fq=postcode%3A3012KN", "provider": "PDOK", "id": "pcd-669ff0a0aa869435d7d4deb3e7c67f68", "country": "NL", "province": "Zuid-Holland"}, "status": "catalogue", "tht": false, "kvk": "67709826", "website": "https://www.easygenerator.com", "staff": "50-250 employees", "checked": "2026-09-05", "relevance": "Vermelding is een verkenningskandidaat, geen bevestigde overheidsleverancier. Eigendom, hosting en inkoopgeschiktheid zijn niet beoordeeld.", "coverage_countries": ["NL"], "catalogue_id": "GTS-387", "source_updated": "24/03/2026", "source_status": "Active", "source_method": "Desk research", "description_language": "en", "kvk_candidates": [{"name": "Easygenerator B.V.", "kvk_number": "67709826", "city": "Rotterdam", "postcode": "3012 KN", "website": "www.easygenerator.com"}], "country": "NL", "province": "Zuid-Holland"}}, {"type": "Feature", "geometry": {"type": "Point", "coordinates": [23.8, 38.05]}, "properties": {"id": "eett", "name": "EETT", "kind": "government", "country": "GR", "country_code": "GR", "country_name": "Griekenland", "city": "Marousi", "location": {"city": "Marousi", "country": "GR", "country_code": "GR", "precision": "city", "source_ids": ["gs2-gr-digigov-ec", "eur-geonames"], "lat": 38.05, "lon": 23.8, "postcode": null, "street": null, "number": null, "note": "Benaderd stadsreferentiepunt; geen individueel kantoor. Openbaar adres uit de EU-projectcatalogus; geen exclusieve hoofdzetel geclaimd.", "geonames_city": "Maroúsi", "id": "geonames-265243", "provider": "GeoNames", "coordinate_source": "https://www.geonames.org/265243/", "label": "Marousi (stadsniveau)", "coordinate_source_id": "eur-geonames"}, "description": "Telecom- en posttoezichthouder; deelnemer aan digiGOV-innoHUB.", "source_ids": ["gs2-grnet-hub", "gs2-gr-digigov-ec"], "website": "https://www.eett.gr/", "themes": ["Digitale overheid", "Innovatie", "Europese samenwerking"], "status": "researched", "checked": "2026-09-09", "ecosystem_scope": "europe", "tht": false, "kvk": null, "staff": null, "entity_type": "organisation", "relevance": "Geselecteerd op een concrete publieke innovatie- of digitaliseringsrol; zie relaties en brondata. Geen zelfstandige soevereiniteitsbeoordeling."}}, {"type": "Feature", "geometry": {"type": "Point", "coordinates": [23.72784, 37.98376]}, "properties": {"id": "ekdda", "name": "EKDDA", "kind": "knowledge", "country": "GR", "country_code": "GR", "country_name": "Griekenland", "city": "Athene", "location": {"city": "Athene", "country": "GR", "country_code": "GR", "precision": "city", "source_ids": ["gs2-gr-digigov-ec", "eur-geonames"], "lat": 37.98376, "lon": 23.72784, "postcode": null, "street": null, "number": null, "note": "Benaderd stadsreferentiepunt; geen individueel kantoor. Openbaar adres uit de EU-projectcatalogus; geen exclusieve hoofdzetel geclaimd.", "geonames_city": "Athens", "id": "geonames-264371", "provider": "GeoNames", "coordinate_source": "https://www.geonames.org/264371/", "label": "Athene (stadsniveau)", "coordinate_source_id": "eur-geonames"}, "description": "Nationaal instituut voor openbaar bestuur; digiGOV-partner voor publieke innovatie.", "source_ids": ["gs2-grnet-hub", "gs2-gr-digigov-ec"], "website": "https://www.ekdd.gr/en/", "themes": ["Digitale overheid", "Innovatie", "Europese samenwerking"], "status": "researched", "checked": "2026-09-09", "ecosystem_scope": "europe", "tht": false, "kvk": null, "staff": null, "entity_type": "organisation", "relevance": "Geselecteerd op een concrete publieke innovatie- of digitaliseringsrol; zie relaties en brondata. Geen zelfstandige soevereiniteitsbeoordeling."}}, {"type": "Feature", "geometry": {"type": "Point", "coordinates": [4.90454379, 52.37344272]}, "properties": {"id": "enable-u", "name": "Enable U", "city": "Amsterdam", "kind": "company", "themes": ["Data", "Interoperabiliteit", "Software"], "description": "Verbindt overheidssystemen en databronnen. Publiceert cases over onder meer Krimpenerwaard, Stroomopwaarts MVS en IVO Rechtspraak.", "source_ids": ["nl-enable-u-address", "nl-enable-u-cases"], "status": "researched", "tht": false, "kvk": "34228397", "website": "https://enable-u.nl", "staff": null, "checked": "2026-09-09", "relevance": "Directe toepassing bij publieke dienstverlening, onderbouwd met primaire product- of klantbronnen. Eigendom, hostingketen en digitale soevereiniteit zijn niet als geheel beoordeeld.", "location": {"city": "Amsterdam", "postcode": null, "number": null, "street": null, "precision": "city", "note": "Woonplaatsreferentie van een publiek vermeld zakelijk kantoor; geen exact kantoorpunt. Eén vestiging per organisatie, geen volledig vestigingenregister.", "source_ids": ["nl-enable-u-address", "pdok"], "lat": 52.37344272, "lon": 4.90454379, "country": "NL", "label": "Amsterdam, Amsterdam, Noord-Holland", "query": "https://api.pdok.nl/bzk/locatieserver/search/v3_1/free?rows=20&q=Amsterdam&fq=type%3Awoonplaats", "provider": "PDOK", "id": "wpl-62fe60a4eea50b7c33ba3d9c39a21e6a", "province": "Noord-Holland"}, "country": "NL", "province": "Noord-Holland"}}, {"type": "Feature", "geometry": {"type": "Point", "coordinates": [18.06871, 59.32938]}, "properties": {"id": "esam", "name": "eSamverkansprogrammet (eSam)", "kind": "hub", "country": "SE", "country_code": "SE", "country_name": "Zweden", "city": "Stockholm", "location": {"city": "Stockholm", "country": "SE", "country_code": "SE", "precision": "city", "source_ids": ["gs2-esam-contact", "eur-geonames"], "lat": 59.32938, "lon": 18.06871, "postcode": null, "street": null, "number": null, "note": "Benaderd stadsreferentiepunt; geen individueel kantoor. Locatie van het secretariaat bij Pensionsmyndigheten.", "geonames_city": "Stockholm", "id": "geonames-2673730", "provider": "GeoNames", "coordinate_source": "https://www.geonames.org/2673730/", "label": "Stockholm (stadsniveau)", "coordinate_source_id": "eur-geonames"}, "description": "Samenwerkingsprogramma van 41 overheidsorganisaties voor gezamenlijke digitalisering.", "source_ids": ["gs2-esam-about", "gs2-esam-contact"], "website": "https://www.esamverka.se/", "themes": ["Digitale overheid", "Innovatie", "Europese samenwerking"], "status": "researched", "checked": "2026-09-09", "ecosystem_scope": "europe", "tht": false, "kvk": null, "staff": null, "entity_type": "programme", "relevance": "Geselecteerd op een concrete publieke innovatie- of digitaliseringsrol; zie relaties en brondata. Geen zelfstandige soevereiniteitsbeoordeling."}}, {"type": "Feature", "geometry": {"type": "Point", "coordinates": [4.48653571, 51.92248806]}, "properties": {"id": "esri-nederland", "name": "Esri Nederland", "kind": "company", "themes": ["GIS", "Data", "Leefomgeving"], "description": "GIS- en geodatadiensten; een officiële case noemt Gemeente Bernheze als gebruiker van GeoBRK met GeoWeb.", "source_ids": ["esri-geoweb-bernheze"], "city": "Rotterdam", "status": "researched", "tht": false, "kvk": "24372523", "website": "https://www.esri.nl", "location": {"city": "Rotterdam", "postcode": null, "number": null, "street": null, "precision": "city", "note": "City from the August 2025 KvK corporate snapshot; no private street address published.", "source_ids": ["kvk-2025", "esri-geoweb-bernheze", "pdok"], "lat": 51.92248806, "lon": 4.48653571, "label": "Rotterdam, Rotterdam, Zuid-Holland", "query": "https://api.pdok.nl/bzk/locatieserver/search/v3_1/free?rows=20&q=Rotterdam&fq=type%3Awoonplaats", "provider": "PDOK", "id": "wpl-055d1ceec024dcc35de9ffae9d18bd7b", "country": "NL", "province": "Zuid-Holland"}, "relevance": "Genoemd gemeentelijk gebruik is onderbouwd; hosting, eigendom en inkoopvoorwaarden vragen aparte beoordeling.", "staff": null, "checked": "2026-09-09", "country": "NL", "province": "Zuid-Holland"}}, {"type": "Feature", "geometry": {"type": "Point", "coordinates": [4.35850601, 52.06645293]}, "properties": {"id": "gts-650", "name": "Eteck", "kind": "company", "themes": ["Energie & leefomgeving", "Other"], "description": "Eteck is a Dutch sustainable energy company providing decentralised heating and cooling solutions for residential and commercial buildings.", "source_ids": ["eu-companies", "kvk-2025"], "city": "Voorburg", "location": {"city": "Voorburg", "postcode": "2275AZ", "number": null, "street": null, "precision": "postcode", "note": "Exacte naam en websitedomein komen overeen met KvK. Postcode uit augustus 2025; geen kantoorcontrole.", "source_ids": ["kvk-2025", "pdok"], "lat": 52.06645293, "lon": 4.35850601, "label": "Stationsplein, 2275AZ Voorburg", "query": "https://api.pdok.nl/bzk/locatieserver/search/v3_1/free?rows=20&q=2275AZ&fq=type%3Apostcode&fq=postcode%3A2275AZ", "provider": "PDOK", "id": "pcd-3e6f897845e57a077de350eb36082a57", "country": "NL", "province": "Zuid-Holland"}, "status": "catalogue", "tht": false, "kvk": "24410066", "website": "https://www.eteck.nl/en/", "staff": "11-100 employees", "checked": "2026-09-05", "relevance": "Vermelding is een verkenningskandidaat, geen bevestigde overheidsleverancier. Eigendom, hosting en inkoopgeschiktheid zijn niet beoordeeld.", "coverage_countries": ["NL"], "catalogue_id": "GTS-650", "source_updated": "29/05/2026", "source_status": "Active", "source_method": "Desk research", "description_language": "en", "kvk_candidates": [{"name": "Eteck B.V.", "kvk_number": "24410066", "city": "Voorburg", "postcode": "2275 AZ", "website": "www.eteck.nl"}], "country": "NL", "province": "Zuid-Holland"}}, {"type": "Feature", "geometry": {"type": "Point", "coordinates": [2.41579, 48.83864]}, "properties": {"id": "ign-fabrique", "name": "Fabrique de la donnée territoriale (IGN)", "kind": "hub", "themes": ["Digitale overheid", "Innovatie", "Community"], "description": "Publieke data-incubator die voortbouwt op Fabrique des Géocommuns; portfolio omvat Panoramax, gebouwen- en adresreferenties.", "source_ids": ["fg2-ign-incubator", "fg2-beta-bilan"], "city": "Saint-Mandé", "country": "FR", "country_code": "FR", "country_name": "Frankrijk", "location": {"city": "Saint-Mandé", "country": "FR", "country_code": "FR", "precision": "city", "lat": 48.83864, "lon": 2.41579, "source_ids": ["fg2-ign-incubator", "eur-geonames"], "note": "Benaderd stadsreferentiepunt, geen individueel kantoor. Institutionele incubator; geen aparte rechtspersoon. Actuele naam; oudere naam Fabrique des Géocommuns is geen extra entiteit.", "id": "geonames-2978621", "provider": "GeoNames", "coordinate_source": "https://www.geonames.org/2978621/", "label": "Saint-Mandé (stadsniveau)", "coordinate_source_id": "eur-geonames"}, "status": "researched", "tht": false, "kvk": null, "website": "https://beta.gouv.fr/incubateurs/fab-geocommuns.html", "relevance": "Publieke data-incubator die voortbouwt op Fabrique des Géocommuns; portfolio omvat Panoramax, gebouwen- en adresreferenties. Institutionele incubator; geen aparte rechtspersoon. Actuele naam; oudere naam Fabrique des Géocommuns is geen extra entiteit.", "govtech_basis": "Concrete publieke digitale dienstverlening, incubatie of samenwerking beschreven in de gekoppelde primaire bron.", "staff": null, "checked": "2026-09-09", "ecosystem_scope": "europe", "entity_type": "programme"}}, {"type": "Feature", "geometry": {"type": "Point", "coordinates": [2.23894, 48.88341]}, "properties": {"id": "mte-fabrique", "name": "Fabrique Numérique de l’Écologie", "kind": "hub", "themes": ["Digitale overheid", "Innovatie", "Community"], "description": "Ministeriële incubator voor digitale diensten rond ruimtelijke ordening en ecologische transitie, actief sinds 2017.", "source_ids": ["fg2-mte-incubator", "fg2-beta-bilan"], "city": "Puteaux", "country": "FR", "country_code": "FR", "country_name": "Frankrijk", "location": {"city": "Puteaux", "country": "FR", "country_code": "FR", "precision": "city", "lat": 48.88341, "lon": 2.23894, "source_ids": ["fg2-mte-incubator", "eur-geonames"], "note": "Benaderd stadsreferentiepunt, geen individueel kantoor. Institutionele incubator; geen aparte rechtspersoon.", "id": "geonames-2985034", "provider": "GeoNames", "coordinate_source": "https://www.geonames.org/2985034/", "label": "Puteaux (stadsniveau)", "coordinate_source_id": "eur-geonames"}, "status": "researched", "tht": false, "kvk": null, "website": "https://beta.gouv.fr/incubateurs/mtes.html", "relevance": "Ministeriële incubator voor digitale diensten rond ruimtelijke ordening en ecologische transitie, actief sinds 2017. Institutionele incubator; geen aparte rechtspersoon.", "govtech_basis": "Concrete publieke digitale dienstverlening, incubatie of samenwerking beschreven in de gekoppelde primaire bron.", "staff": null, "checked": "2026-09-09", "ecosystem_scope": "europe", "entity_type": "programme"}}, {"type": "Feature", "geometry": {"type": "Point", "coordinates": [4.32470913, 52.06994473]}, "properties": {"id": "fledger", "name": "Fledger", "kind": "company", "themes": ["Data", "Software"], "description": "Techbedrijf genoemd in de community van The Hague Tech en aanwezig in de aangeleverde KvK-selectie.", "source_ids": ["tht-move", "kvk-2025"], "city": "Den Haag", "status": "researched", "tht": true, "kvk": "81065213", "website": null, "location": {"city": "Den Haag", "postcode": "2521CA", "number": 5, "street": "Waldorpstraat", "precision": "hub", "note": "Referentiepunt The Hague Tech, geen geverifieerd individueel kantoor. Communityvermelding kan historisch zijn.", "source_ids": ["tht-move", "pdok"], "lat": 52.06994473, "lon": 4.32470913, "label": "Waldorpstraat 5, 2521CA 's-Gravenhage", "query": "https://api.pdok.nl/bzk/locatieserver/search/v3_1/free?rows=20&q=Waldorpstraat&fq=type%3Aadres&fq=postcode%3A2521CA&fq=huisnummer%3A5", "provider": "PDOK", "id": "adr-2752a817fd31f5ea6a8430e39cf18ed4", "country": "NL", "province": "Zuid-Holland"}, "relevance": "Verkenningskandidaat. Productdetails en overheidsreferenties moeten nog worden gecontroleerd.", "staff": null, "checked": "2026-09-05", "country": "NL", "province": "Zuid-Holland"}}, {"type": "Feature", "geometry": {"type": "Point", "coordinates": [23.72784, 37.98376]}, "properties": {"id": "foundation-gr", "name": "Found.ation", "kind": "support", "country": "GR", "country_code": "GR", "country_name": "Griekenland", "city": "Athene", "location": {"city": "Athene", "country": "GR", "country_code": "GR", "precision": "city", "source_ids": ["gs2-smartattica-ec", "eur-geonames"], "lat": 37.98376, "lon": 23.72784, "postcode": null, "street": null, "number": null, "note": "Benaderd stadsreferentiepunt; geen individueel kantoor. ", "geonames_city": "Athens", "id": "geonames-264371", "provider": "GeoNames", "coordinate_source": "https://www.geonames.org/264371/", "label": "Athene (stadsniveau)", "coordinate_source_id": "eur-geonames"}, "description": "Innovatieorganisatie en benoemde partner in Smart Attica.", "source_ids": ["gs2-smartattica-ec"], "website": "https://thefoundation.gr/", "themes": ["Digitale overheid", "Innovatie", "Europese samenwerking"], "status": "researched", "checked": "2026-09-09", "ecosystem_scope": "europe", "tht": false, "kvk": null, "staff": null, "entity_type": "organisation", "relevance": "Geselecteerd op een concrete publieke innovatie- of digitaliseringsrol; zie relaties en brondata. Geen zelfstandige soevereiniteitsbeoordeling."}}, {"type": "Feature", "geometry": {"type": "Point", "coordinates": [4.36310563, 51.99845672]}, "properties": {"id": "fox-it", "name": "Fox-IT", "kind": "company", "themes": ["Cybersecurity", "Forensics", "Cryptography"], "description": "Cybersecuritybedrijf met een officiële publieke-sectorpagina over bescherming van overheidsdata en OpenVPN-NL.", "source_ids": ["fox-public"], "city": "Delft", "status": "researched", "tht": false, "kvk": "27301624", "website": "https://www.fox-it.com", "location": {"city": "Delft", "postcode": null, "number": null, "street": null, "precision": "city", "note": "City from the August 2025 KvK corporate snapshot; no private street address published.", "source_ids": ["kvk-2025", "fox-public", "pdok"], "lat": 51.99845672, "lon": 4.36310563, "label": "Delft, Delft, Zuid-Holland", "query": "https://api.pdok.nl/bzk/locatieserver/search/v3_1/free?rows=20&q=Delft&fq=type%3Awoonplaats", "provider": "PDOK", "id": "wpl-f91ebeb08f246f03b88604a8de071c2a", "country": "NL", "province": "Zuid-Holland"}, "relevance": "Publieke-sectorwerk op het gebied van beveiliging is onderbouwd; er is geen uitspraak gedaan over een huidige opdracht of soevereine certificering.", "staff": null, "checked": "2026-09-09", "country": "NL", "province": "Zuid-Holland"}}, {"type": "Feature", "geometry": {"type": "Point", "coordinates": [2.15899, 41.38879]}, "properties": {"id": "bit-habitat", "name": "Fundació BIT Habitat", "kind": "hub", "country": "ES", "country_code": "ES", "country_name": "Spanje", "themes": ["Digitale overheid", "Innovatie"], "description": "Gemeentelijke innovatiestichting die Barcelona Innova uitvoert met stedelijke experimenten, uitdagingen en een publiek innovatiecentrum Ca l’Alier.", "source_ids": ["ib2-bit"], "city": "Barcelona", "location": {"city": "Barcelona", "country": "ES", "country_code": "ES", "precision": "city", "lat": 41.38879, "lon": 2.15899, "source_ids": ["ib2-bit", "eur-geonames"], "note": "Benaderd stadsreferentiepunt; geen individueel kantoor. ", "geonames_city": "Barcelona", "id": "geonames-3128760", "provider": "GeoNames", "coordinate_source": "https://www.geonames.org/3128760/", "label": "Barcelona (stadsniveau)", "coordinate_source_id": "eur-geonames"}, "status": "researched", "tht": false, "kvk": null, "website": "https://bithabitat.barcelona/", "relevance": "Gemeentelijke innovatiestichting die Barcelona Innova uitvoert met stedelijke experimenten, uitdagingen en een publiek innovatiecentrum Ca l’Alier. Opname bewijst geen digitale soevereiniteit of actuele leveranciersopdracht.", "govtech_basis": "Gemeentelijke innovatiestichting die Barcelona Innova uitvoert met stedelijke experimenten, uitdagingen en een publiek innovatiecentrum Ca l’Alier.", "staff": null, "checked": "2026-09-09", "ecosystem_scope": "europe", "entity_type": "organisation"}}, {"type": "Feature", "geometry": {"type": "Point", "coordinates": [-3.70256, 40.4165]}, "properties": {"id": "madrimasd", "name": "Fundación para el Conocimiento madri+d", "kind": "support", "country": "ES", "country_code": "ES", "country_name": "Spanje", "themes": ["Digitale overheid", "Innovatie"], "description": "Regionale kennisstichting en organisator/opdrachtgever van Govtechlab Madrid voor gemeentelijke digitale innovatie.", "source_ids": ["ib2-gobe-madrid", "ib2-madridlab"], "city": "Madrid", "location": {"city": "Madrid", "country": "ES", "country_code": "ES", "precision": "city", "lat": 40.4165, "lon": -3.70256, "source_ids": ["ib2-madrimasd-address", "eur-geonames"], "note": "Benaderd stadsreferentiepunt; geen individueel kantoor. ", "geonames_city": "Madrid", "id": "geonames-3117735", "provider": "GeoNames", "coordinate_source": "https://www.geonames.org/3117735/", "label": "Madrid (stadsniveau)", "coordinate_source_id": "eur-geonames"}, "status": "researched", "tht": false, "kvk": null, "website": "https://www.gobe.studio/proyectos/govtechlab-madrid", "relevance": "Regionale kennisstichting en organisator/opdrachtgever van Govtechlab Madrid voor gemeentelijke digitale innovatie. Opname bewijst geen digitale soevereiniteit of actuele leveranciersopdracht.", "govtech_basis": "Regionale kennisstichting en organisator/opdrachtgever van Govtechlab Madrid voor gemeentelijke digitale innovatie.", "staff": null, "checked": "2026-09-09", "ecosystem_scope": "europe", "entity_type": "organisation"}}, {"type": "Feature", "geometry": {"type": "Point", "coordinates": [18.06871, 59.32938]}, "properties": {"id": "sambruk", "name": "Föreningen Sambruk", "kind": "hub", "country": "SE", "country_code": "SE", "country_name": "Zweden", "city": "Stockholm", "location": {"city": "Stockholm", "country": "SE", "country_code": "SE", "precision": "city", "source_ids": ["gs2-sambruk-site", "eur-geonames"], "lat": 59.32938, "lon": 18.06871, "postcode": null, "street": null, "number": null, "note": "Benaderd stadsreferentiepunt; geen individueel kantoor. Statutaire zetel, geen individueel kantoor; postadres ligt in Kungsör.", "geonames_city": "Stockholm", "id": "geonames-2673730", "provider": "GeoNames", "coordinate_source": "https://www.geonames.org/2673730/", "label": "Stockholm (stadsniveau)", "coordinate_source_id": "eur-geonames"}, "description": "Gemeentelijk samenwerkingsverband voor gedeelde digitale diensten en ontwikkeling.", "source_ids": ["gs2-sambruk-site", "gs2-sustaingov-lockin", "gs2-skovde-lockin"], "website": "https://sambruk.se/", "themes": ["Digitale overheid", "Innovatie", "Europese samenwerking"], "status": "researched", "checked": "2026-09-09", "ecosystem_scope": "europe", "tht": false, "kvk": null, "staff": null, "entity_type": "organisation", "relevance": "Geselecteerd op een concrete publieke innovatie- of digitaliseringsrol; zie relaties en brondata. Geen zelfstandige soevereiniteitsbeoordeling."}}, {"type": "Feature", "geometry": {"type": "Point", "coordinates": [4.31663955, 52.0775912]}, "properties": {"id": "denhaag", "name": "Gemeente Den Haag", "kind": "government", "themes": ["Digitale overheid", "Publieke ruimte"], "description": "Publieke partner in het Haagse innovatie-ecosysteem en mede-organisator van de OneGov-hackathon.", "source_ids": ["onegov", "city-address"], "city": "Den Haag", "status": "researched", "tht": false, "kvk": null, "website": "https://www.denhaag.nl", "location": {"city": "Den Haag", "postcode": "2511BT", "number": 70, "street": "Spui", "precision": "address", "note": "", "source_ids": ["city-address", "pdok"], "lat": 52.0775912, "lon": 4.31663955, "label": "Spui 70, 2511BT 's-Gravenhage", "query": "https://api.pdok.nl/bzk/locatieserver/search/v3_1/free?rows=20&q=Spui&fq=type%3Aadres&fq=postcode%3A2511BT&fq=huisnummer%3A70", "provider": "PDOK", "id": "adr-d50ee422dcd4257580cee44065dae6f7", "country": "NL", "province": "Zuid-Holland"}, "relevance": "Ecosysteemrol of mogelijke toepassing; geen inkoopadvies of bewijs van digitale soevereiniteit.", "staff": null, "checked": "2026-09-05", "country": "NL", "province": "Zuid-Holland"}}, {"type": "Feature", "geometry": {"type": "Point", "coordinates": [5.68489658, 52.04603756]}, "properties": {"id": "gemeente-ede", "name": "Gemeente Ede", "kind": "government", "themes": ["Digitale overheid"], "description": "Gemeente genoemd in de Delta10-case over Open Formulieren.", "source_ids": ["delta10-ede"], "city": "Ede", "country": "NL", "status": "researched", "tht": false, "kvk": null, "website": "https://www.ede.nl", "location": {"city": "Ede", "postcode": null, "number": null, "street": null, "precision": "city", "note": "Stadsreferentie bij de genoemde gemeente; geen vastgesteld bezoekadres.", "source_ids": ["delta10-ede", "pdok"], "lat": 52.04603756, "lon": 5.68489658, "label": "Ede, Ede, Gelderland", "query": "https://api.pdok.nl/bzk/locatieserver/search/v3_1/free?rows=20&q=Ede&fq=type%3Awoonplaats", "provider": "PDOK", "id": "wpl-74683b62c5844e173484583cfc94aaa0", "country": "NL", "province": "Gelderland"}, "relevance": "Overheid als genoemde afnemer in een leverancierscase.", "staff": null, "checked": "2026-09-09", "province": "Gelderland"}}, {"type": "Feature", "geometry": {"type": "Point", "coordinates": [6.77819416, 52.25490615]}, "properties": {"id": "gemeente-hengelo", "name": "Gemeente Hengelo", "city": "Hengelo", "kind": "government", "themes": ["Digitale overheid", "Data"], "description": "Gemeentelijke organisatie; genoemde publieke afnemer in de Centric-case over Cognos.", "source_ids": ["nl-hengelo-address", "nl-centric-hengelo"], "status": "researched", "tht": false, "kvk": null, "website": "https://www.hengelo.nl", "staff": null, "checked": "2026-09-09", "relevance": "Directe toepassing bij publieke dienstverlening, onderbouwd met primaire product- of klantbronnen. Eigendom, hostingketen en digitale soevereiniteit zijn niet als geheel beoordeeld.", "location": {"city": "Hengelo", "postcode": "7551EB", "number": null, "street": null, "precision": "city", "note": "Woonplaatsreferentie. Overheid.nl vermeldt bezoekpostcode 7551EB en provincie Overijssel expliciet. Postcode dient plaatsdisambiguatie; geen exact gemeentekantoorpunt.", "source_ids": ["nl-hengelo-address", "pdok"], "lat": 52.25490615, "lon": 6.77819416, "country": "NL", "province": "Overijssel", "label": "Hengelo, Hengelo (O), Overijssel", "query": "https://api.pdok.nl/bzk/locatieserver/search/v3_1/free?rows=20&q=Hengelo&fq=type%3Awoonplaats", "provider": "PDOK", "id": "wpl-060d7d2f0853750cd153c51856fa5615"}, "country": "NL", "province": "Overijssel"}}, {"type": "Feature", "geometry": {"type": "Point", "coordinates": [5.07168928, 52.62273205]}, "properties": {"id": "gemeente-hoorn", "name": "Gemeente Hoorn", "city": "Hoorn", "kind": "government", "themes": ["Democratie", "Openbaarheid"], "description": "Gemeentelijke organisatie die in haar eigen handboek het gebruik van iBabs beschrijft.", "source_ids": ["nl-hoorn-address", "nl-ibabs-hoorn"], "status": "researched", "tht": false, "kvk": null, "website": "https://www.hoorn.nl", "staff": null, "checked": "2026-09-09", "relevance": "Directe toepassing bij publieke dienstverlening, onderbouwd met primaire product- of klantbronnen. Eigendom, hostingketen en digitale soevereiniteit zijn niet als geheel beoordeeld.", "location": {"city": "Hoorn", "postcode": "1625HV", "number": null, "street": null, "precision": "city", "note": "Woonplaatsreferentie. Overheid.nl vermeldt bezoekpostcode 1625HV en provincie Noord-Holland expliciet. Postcode dient plaatsdisambiguatie; geen exact gemeentekantoorpunt.", "source_ids": ["nl-hoorn-address", "pdok"], "lat": 52.62273205, "lon": 5.07168928, "country": "NL", "province": "Noord-Holland", "label": "Hoorn, Hoorn, Noord-Holland", "query": "https://api.pdok.nl/bzk/locatieserver/search/v3_1/free?rows=20&q=Hoorn&fq=type%3Awoonplaats", "provider": "PDOK", "id": "wpl-b0ca87fd5e9bf08aa4e6acf8bf58ee3b"}, "country": "NL", "province": "Noord-Holland"}}, {"type": "Feature", "geometry": {"type": "Point", "coordinates": [4.48511551, 52.15498245]}, "properties": {"id": "gemeente-leiden", "name": "Gemeente Leiden", "kind": "government", "themes": ["Digitale overheid"], "description": "Gemeente genoemd in de Delta10-case over Signalen.", "source_ids": ["delta10-leiden"], "city": "Leiden", "country": "NL", "status": "researched", "tht": false, "kvk": null, "website": "https://www.leiden.nl", "location": {"city": "Leiden", "postcode": null, "number": null, "street": null, "precision": "city", "note": "Stadsreferentie bij de genoemde gemeente; geen vastgesteld bezoekadres.", "source_ids": ["delta10-leiden", "pdok"], "lat": 52.15498245, "lon": 4.48511551, "label": "Leiden, Leiden, Zuid-Holland", "query": "https://api.pdok.nl/bzk/locatieserver/search/v3_1/free?rows=20&q=Leiden&fq=type%3Awoonplaats", "provider": "PDOK", "id": "wpl-531c034d0c70fb9bc4e8915a905f5240", "country": "NL", "province": "Zuid-Holland"}, "relevance": "Overheid als genoemde afnemer in een leverancierscase.", "staff": null, "checked": "2026-09-09", "province": "Zuid-Holland"}}, {"type": "Feature", "geometry": {"type": "Point", "coordinates": [-3.70256, 40.4165]}, "properties": {"id": "gobe", "name": "Gobe", "kind": "support", "country": "ES", "country_code": "ES", "country_name": "Spanje", "themes": ["Digitale overheid", "Innovatie"], "description": "Gespecialiseerde GovTech-ecosysteembouwer met gedocumenteerde uitvoering van regionale labs en leiding aan een Europese startup-challengepilot.", "source_ids": ["ib2-gobe", "ib2-pilot", "ib2-gobe-bizkaia"], "city": "Madrid", "location": {"city": "Madrid", "country": "ES", "country_code": "ES", "precision": "city", "lat": 40.4165, "lon": -3.70256, "source_ids": ["ib2-gobe-address", "eur-geonames"], "note": "Benaderd stadsreferentiepunt; geen individueel kantoor. ", "geonames_city": "Madrid", "id": "geonames-3117735", "provider": "GeoNames", "coordinate_source": "https://www.geonames.org/3117735/", "label": "Madrid (stadsniveau)", "coordinate_source_id": "eur-geonames"}, "status": "researched", "tht": false, "kvk": null, "website": "https://www.gobe.studio/", "relevance": "Gespecialiseerde GovTech-ecosysteembouwer met gedocumenteerde uitvoering van regionale labs en leiding aan een Europese startup-challengepilot. Opname bewijst geen digitale soevereiniteit of actuele leveranciersopdracht.", "govtech_basis": "Gespecialiseerde GovTech-ecosysteembouwer met gedocumenteerde uitvoering van regionale labs en leiding aan een Europese startup-challengepilot.", "staff": null, "checked": "2026-09-09", "ecosystem_scope": "europe", "entity_type": "organisation", "aliases": ["Gobe Studio", "Gobe Ventures SL"]}}, {"type": "Feature", "geometry": {"type": "Point", "coordinates": [13.41053, 52.52437]}, "properties": {"id": "govdigital", "name": "govdigital eG", "kind": "hub", "themes": ["Digitale overheid", "Cloud", "Community"], "description": "Landelijke coöperatie van publieke IT-organisaties voor gezamenlijke digitale infrastructuur, waaronder de Deutsche Verwaltungscloud.", "source_ids": ["fg2-govdigital", "fg2-govdigital-address"], "city": "Berlijn", "country": "DE", "country_code": "DE", "country_name": "Duitsland", "location": {"city": "Berlijn", "country": "DE", "country_code": "DE", "precision": "city", "lat": 52.52437, "lon": 13.41053, "source_ids": ["fg2-govdigital-address", "eur-geonames"], "note": "Benaderd stadsreferentiepunt, geen individueel kantoor. ", "geonames_city": "Berlin", "id": "geonames-2950159", "provider": "GeoNames", "coordinate_source": "https://www.geonames.org/2950159/", "label": "Berlijn (stadsniveau)", "coordinate_source_id": "eur-geonames"}, "status": "researched", "tht": false, "kvk": null, "website": "https://govdigital.de/", "relevance": "Landelijke coöperatie van publieke IT-organisaties voor gezamenlijke digitale infrastructuur, waaronder de Deutsche Verwaltungscloud. ", "govtech_basis": "Concrete publieke digitale dienstverlening, incubatie of samenwerking beschreven in de gekoppelde primaire bron.", "staff": null, "checked": "2026-09-09", "ecosystem_scope": "europe", "entity_type": "organisation"}}, {"type": "Feature", "geometry": {"type": "Point", "coordinates": [2.15899, 41.38879]}, "properties": {"id": "govtech-catalunya", "name": "GovTech Catalunya", "kind": "hub", "country": "ES", "country_code": "ES", "country_name": "Spanje", "themes": ["Digitale overheid", "Innovatie"], "description": "Regionaal overheidsprogramma met CTTI en i2CAT voor publieke digitale pilots, innovatie-inkoop en de gemeenschap DCA-GovTech.", "source_ids": ["ib2-catalunya"], "city": "Barcelona", "location": {"city": "Barcelona", "country": "ES", "country_code": "ES", "precision": "city", "lat": 41.38879, "lon": 2.15899, "source_ids": ["ib2-i2cat-address", "ib2-catalunya", "eur-geonames"], "note": "Benaderd stadsreferentiepunt; geen individueel kantoor. Stad van mede-uitvoerder i2CAT; programma is niet een zelfstandig kantoor.", "geonames_city": "Barcelona", "id": "geonames-3128760", "provider": "GeoNames", "coordinate_source": "https://www.geonames.org/3128760/", "label": "Barcelona (stadsniveau)", "coordinate_source_id": "eur-geonames"}, "status": "researched", "tht": false, "kvk": null, "website": "https://web.gencat.cat/es/generalitat/accio-govern/transformacio-administracio/projecte-govtech", "relevance": "Regionaal overheidsprogramma met CTTI en i2CAT voor publieke digitale pilots, innovatie-inkoop en de gemeenschap DCA-GovTech. Opname bewijst geen digitale soevereiniteit of actuele leveranciersopdracht.", "govtech_basis": "Regionaal overheidsprogramma met CTTI en i2CAT voor publieke digitale pilots, innovatie-inkoop en de gemeenschap DCA-GovTech.", "staff": null, "checked": "2026-09-09", "ecosystem_scope": "europe", "entity_type": "programme"}}, {"type": "Feature", "geometry": {"type": "Point", "coordinates": [13.41053, 52.52437]}, "properties": {"id": "govtech-campus-de", "name": "GovTech Deutschland / GovTech Campus", "kind": "hub", "themes": ["Community", "Digitale overheid", "Europese samenwerking"], "description": "Duits GovTech-ecosysteem voor publieke innovatie. EC noemt deze partner nog GovTech Campus Deutschland; de actuele verenigingsnaam is GovTech Deutschland.", "source_ids": ["eur-campus-site", "eur-campus-address", "eur-govtech4all"], "city": "Berlijn", "country": "DE", "country_code": "DE", "location": {"city": "Berlijn", "country": "DE", "country_code": "DE", "postcode": null, "street": null, "number": null, "precision": "city", "note": "Benaderd stadsreferentiepunt, geen individueel kantoor. ", "source_ids": ["eur-campus-address", "eur-geonames"], "lat": 52.52437, "lon": 13.41053, "label": "Berlijn (stadsniveau)", "provider": "GeoNames", "coordinate_source": "https://www.geonames.org/2950159/", "coordinate_source_id": "eur-geonames", "id": "geonames-2950159", "country_name": "Duitsland"}, "status": "researched", "tht": false, "kvk": null, "website": "https://www.gov.tech/", "relevance": "Onderbouwde Europese ecosysteemrol. Geen bewijs van leverancierscontracten of digitale soevereiniteit.", "staff": null, "checked": "2026-09-09", "ecosystem_scope": "europe", "country_name": "Duitsland", "aliases": ["GovTech Campus Deutschland", "GovTech Deutschland e.V."]}}, {"type": "Feature", "geometry": {"type": "Point", "coordinates": [-2.92528, 43.26271]}, "properties": {"id": "govtech-bizkaia", "name": "GovTech Lab Bizkaia", "kind": "hub", "country": "ES", "country_code": "ES", "country_name": "Spanje", "themes": ["Digitale overheid", "Innovatie"], "description": "Provinciaal open-innovatielab dat publieke uitdagingen verbindt met startups en mkb voor pilots en mogelijke latere opschaling.", "source_ids": ["ib2-bizkaia", "ib2-gobe-bizkaia"], "city": "Bilbao", "location": {"city": "Bilbao", "country": "ES", "country_code": "ES", "precision": "city", "lat": 43.26271, "lon": -2.92528, "source_ids": ["eur-lantik-role", "ib2-bizkaia-start", "eur-geonames"], "note": "Benaderd stadsreferentiepunt; geen individueel kantoor. Stad van betrokken uitvoeringsorganisatie Lantik; lab is een programma, geen afzonderlijke rechtspersoon.", "geonames_city": "Bilbao", "id": "geonames-3128026", "provider": "GeoNames", "coordinate_source": "https://www.geonames.org/3128026/", "label": "Bilbao (stadsniveau)", "coordinate_source_id": "eur-geonames"}, "status": "researched", "tht": false, "kvk": null, "website": "https://www.bizkaia.eus/es/web/govtech", "relevance": "Provinciaal open-innovatielab dat publieke uitdagingen verbindt met startups en mkb voor pilots en mogelijke latere opschaling. Opname bewijst geen digitale soevereiniteit of actuele leveranciersopdracht.", "govtech_basis": "Provinciaal open-innovatielab dat publieke uitdagingen verbindt met startups en mkb voor pilots en mogelijke latere opschaling.", "staff": null, "checked": "2026-09-09", "ecosystem_scope": "europe", "entity_type": "programme"}}, {"type": "Feature", "geometry": {"type": "Point", "coordinates": [9.99302, 53.55073]}, "properties": {"id": "govtechh", "name": "GovTecHH", "kind": "hub", "themes": ["Digitale overheid", "Innovatie", "Community"], "description": "Publieke venture-client-eenheid binnen Hamburgs senaatskanselarij; begeleidt concrete GovTech-pilots met startups.", "source_ids": ["fg2-govtechh", "fg2-govtechh-summ"], "city": "Hamburg", "country": "DE", "country_code": "DE", "country_name": "Duitsland", "location": {"city": "Hamburg", "country": "DE", "country_code": "DE", "precision": "city", "lat": 53.55073, "lon": 9.99302, "source_ids": ["fg2-govtechh", "eur-geonames"], "note": "Benaderd stadsreferentiepunt, geen individueel kantoor. Hamburgse overheidsunit; plaatsbewijs uit officiële stedelijke programmapagina.", "id": "geonames-2911298", "provider": "GeoNames", "coordinate_source": "https://www.geonames.org/2911298/", "label": "Hamburg (stadsniveau)", "coordinate_source_id": "eur-geonames"}, "status": "researched", "tht": false, "kvk": null, "website": "https://startupcity.hamburg/govtechh", "relevance": "Publieke venture-client-eenheid binnen Hamburgs senaatskanselarij; begeleidt concrete GovTech-pilots met startups. Hamburgse overheidsunit; plaatsbewijs uit officiële stedelijke programmapagina.", "govtech_basis": "Concrete publieke digitale dienstverlening, incubatie of samenwerking beschreven in de gekoppelde primaire bron.", "staff": null, "checked": "2026-09-09", "ecosystem_scope": "europe", "entity_type": "public_unit"}}, {"type": "Feature", "geometry": {"type": "Point", "coordinates": [-3.70256, 40.4165]}, "properties": {"id": "govtechlab-madrid", "name": "Govtechlab Madrid", "kind": "hub", "country": "ES", "country_code": "ES", "country_name": "Spanje", "themes": ["Digitale overheid", "Innovatie"], "description": "Regionaal programma voor gemeentelijke innovatie; organisator rapporteerde in 2025 tien uitdagingen, meer dan 200 voorstellen en acht geselecteerde pilots.", "source_ids": ["ib2-madridlab", "ib2-gobe-madrid"], "city": "Madrid", "location": {"city": "Madrid", "country": "ES", "country_code": "ES", "precision": "city", "lat": 40.4165, "lon": -3.70256, "source_ids": ["ib2-madrimasd-address", "ib2-gobe-madrid", "eur-geonames"], "note": "Benaderd stadsreferentiepunt; geen individueel kantoor. Stad van organiserende Fundación madri+d; niet gelijk aan het GovTech-programma van de gemeente Madrid.", "geonames_city": "Madrid", "id": "geonames-3117735", "provider": "GeoNames", "coordinate_source": "https://www.geonames.org/3117735/", "label": "Madrid (stadsniveau)", "coordinate_source_id": "eur-geonames"}, "status": "researched", "tht": false, "kvk": null, "website": "https://www.madrimasd.org/blogs/govtechlabmadrid/govtechlab-madrid-una-nueva-forma-de-conectar-innovacion-y-administracion-publica/", "relevance": "Regionaal programma voor gemeentelijke innovatie; organisator rapporteerde in 2025 tien uitdagingen, meer dan 200 voorstellen en acht geselecteerde pilots. Opname bewijst geen digitale soevereiniteit of actuele leveranciersopdracht.", "govtech_basis": "Regionaal programma voor gemeentelijke innovatie; organisator rapporteerde in 2025 tien uitdagingen, meer dan 200 voorstellen en acht geselecteerde pilots.", "staff": null, "checked": "2026-09-09", "ecosystem_scope": "europe", "entity_type": "programme"}}, {"type": "Feature", "geometry": {"type": "Point", "coordinates": [4.32470913, 52.06994473]}, "properties": {"id": "govtechnl", "name": "GovTechNL", "kind": "hub", "themes": ["Digitale overheid", "Community"], "description": "Publiek-private community voor technologie en maatschappelijke innovatie.", "source_ids": ["govtechnl", "digi-gov", "onegov", "eu-initiatives"], "city": "Den Haag", "status": "researched", "tht": true, "kvk": null, "website": "https://govtechnl.nl", "location": {"city": "Den Haag", "postcode": "2521CA", "number": 5, "street": "Waldorpstraat", "precision": "hub", "note": "Referentiepunt The Hague Tech, geen geverifieerd individueel kantoor. Communityvermelding kan historisch zijn.", "source_ids": ["govtechnl", "tht-move", "pdok"], "lat": 52.06994473, "lon": 4.32470913, "label": "Waldorpstraat 5, 2521CA 's-Gravenhage", "query": "https://api.pdok.nl/bzk/locatieserver/search/v3_1/free?rows=20&q=Waldorpstraat&fq=type%3Aadres&fq=postcode%3A2521CA&fq=huisnummer%3A5", "provider": "PDOK", "id": "adr-2752a817fd31f5ea6a8430e39cf18ed4", "country": "NL", "province": "Zuid-Holland"}, "relevance": "Ecosysteemrol of mogelijke toepassing; geen inkoopadvies of bewijs van digitale soevereiniteit.", "staff": null, "checked": "2026-09-05", "country": "NL", "province": "Zuid-Holland"}}, {"type": "Feature", "geometry": {"type": "Point", "coordinates": [23.72784, 37.98376]}, "properties": {"id": "gr-digigov-innohub", "name": "GR digiGOV-innoHUB", "kind": "hub", "country": "GR", "country_code": "GR", "country_name": "Griekenland", "city": "Athene", "location": {"city": "Athene", "country": "GR", "country_code": "GR", "precision": "city", "source_ids": ["gs2-gr-digigov-ec", "eur-geonames"], "lat": 37.98376, "lon": 23.72784, "postcode": null, "street": null, "number": null, "note": "Benaderd stadsreferentiepunt; geen individueel kantoor. Stad van coördinator GRNET; gedistribueerde hub.", "geonames_city": "Athens", "id": "geonames-264371", "provider": "GeoNames", "coordinate_source": "https://www.geonames.org/264371/", "label": "Athene (stadsniveau)", "coordinate_source_id": "eur-geonames"}, "description": "Nationale GovTech-innovatiehub, geleid door GRNET. De gefinancierde fase eindigde juni 2026; netwerkactiviteiten zijn ook in juli 2026 gedocumenteerd.", "source_ids": ["gs2-grnet-hub", "gs2-gr-digigov-site", "gs2-gr-digigov-ec", "gs2-digigov-july2026"], "website": "https://digigov.innohub.gr/", "themes": ["Digitale overheid", "Innovatie", "Europese samenwerking"], "status": "researched", "checked": "2026-09-09", "ecosystem_scope": "europe", "tht": false, "kvk": null, "staff": null, "entity_type": "programme", "relevance": "Geselecteerd op een concrete publieke innovatie- of digitaliseringsrol; zie relaties en brondata. Geen zelfstandige soevereiniteitsbeoordeling."}}, {"type": "Feature", "geometry": {"type": "Point", "coordinates": [23.72784, 37.98376]}, "properties": {"id": "grnet", "name": "GRNET", "kind": "knowledge", "themes": ["Digitale overheid", "Rules as Code", "Europese samenwerking"], "description": "Griekse onderzoeks- en technologie-infrastructuurorganisatie; betrokken bij de Europese pilot voor persoonlijke regelingenassistenten.", "source_ids": ["eur-digi-pra", "eur-grnet-address"], "city": "Athene", "country": "GR", "country_code": "GR", "location": {"city": "Athene", "country": "GR", "country_code": "GR", "postcode": null, "street": null, "number": null, "precision": "city", "note": "Benaderd stadsreferentiepunt, geen individueel kantoor. ", "source_ids": ["eur-grnet-address", "eur-geonames"], "lat": 37.98376, "lon": 23.72784, "label": "Athene (stadsniveau)", "provider": "GeoNames", "coordinate_source": "https://www.geonames.org/264371/", "coordinate_source_id": "eur-geonames", "id": "geonames-264371", "country_name": "Griekenland"}, "status": "researched", "tht": false, "kvk": null, "website": "https://grnet.gr/", "relevance": "Onderbouwde Europese ecosysteemrol. Geen bewijs van leverancierscontracten of digitale soevereiniteit.", "staff": null, "checked": "2026-09-09", "ecosystem_scope": "europe", "country_name": "Griekenland"}}, {"type": "Feature", "geometry": {"type": "Point", "coordinates": [4.29300083, 52.07207291]}, "properties": {"id": "report-hague-humanity-hub", "name": "Hague Humanity Hub", "kind": "hub", "themes": ["Innovatie"], "description": "Opgenomen als initiatief in het PUBLIC-rapport uit 2021, pagina 85. Huidige naam, locatie en activiteiten zijn niet opnieuw geverifieerd.", "source_ids": ["public-2021"], "city": "Den Haag", "location": {"city": "Den Haag", "postcode": null, "number": null, "street": null, "precision": "city", "note": "Historische woonplaats, PUBLIC 2021 p. 85; geen actueel vestigingsadres.", "source_ids": ["public-2021", "pdok"], "lat": 52.07207291, "lon": 4.29300083, "label": "'s-Gravenhage, 's-Gravenhage, Zuid-Holland", "query": "https://api.pdok.nl/bzk/locatieserver/search/v3_1/free?rows=20&q=%27s-Gravenhage&fq=type%3Awoonplaats", "provider": "PDOK", "id": "wpl-3597581be599a52df395ce19248ab9f5", "country": "NL", "province": "Zuid-Holland"}, "status": "historical", "tht": false, "kvk": null, "website": null, "staff": null, "checked": "2026-09-05", "relevance": "Vermelding is een verkenningskandidaat, geen bevestigde overheidsleverancier. Eigendom, hosting en inkoopgeschiktheid zijn niet beoordeeld.", "report_page": 85, "country": "NL", "province": "Zuid-Holland"}}, {"type": "Feature", "geometry": {"type": "Point", "coordinates": [4.29300083, 52.07207291]}, "properties": {"id": "report-hague-security-delta", "name": "Hague Security Delta", "kind": "hub", "themes": ["Innovatie"], "description": "Opgenomen als initiatief in het PUBLIC-rapport uit 2021, pagina 86. Huidige naam, locatie en activiteiten zijn niet opnieuw geverifieerd.", "source_ids": ["public-2021"], "city": "Den Haag", "location": {"city": "Den Haag", "postcode": null, "number": null, "street": null, "precision": "city", "note": "Historische woonplaats, PUBLIC 2021 p. 86; geen actueel vestigingsadres.", "source_ids": ["public-2021", "pdok"], "lat": 52.07207291, "lon": 4.29300083, "label": "'s-Gravenhage, 's-Gravenhage, Zuid-Holland", "query": "https://api.pdok.nl/bzk/locatieserver/search/v3_1/free?rows=20&q=%27s-Gravenhage&fq=type%3Awoonplaats", "provider": "PDOK", "id": "wpl-3597581be599a52df395ce19248ab9f5", "country": "NL", "province": "Zuid-Holland"}, "status": "historical", "tht": false, "kvk": null, "website": null, "staff": null, "checked": "2026-09-05", "relevance": "Vermelding is een verkenningskandidaat, geen bevestigde overheidsleverancier. Eigendom, hosting en inkoopgeschiktheid zijn niet beoordeeld.", "report_page": 86, "country": "NL", "province": "Zuid-Holland"}}, {"type": "Feature", "geometry": {"type": "Point", "coordinates": [5.83320521, 51.83481969]}, "properties": {"id": "report-health-valley", "name": "Health Valley", "kind": "hub", "themes": ["Innovatie"], "description": "Opgenomen als initiatief in het PUBLIC-rapport uit 2021, pagina 86. Huidige naam, locatie en activiteiten zijn niet opnieuw geverifieerd.", "source_ids": ["public-2021"], "city": "Nijmegen", "location": {"city": "Nijmegen", "postcode": null, "number": null, "street": null, "precision": "city", "note": "Historische woonplaats, PUBLIC 2021 p. 86; geen actueel vestigingsadres.", "source_ids": ["public-2021", "pdok"], "lat": 51.83481969, "lon": 5.83320521, "label": "Nijmegen, Nijmegen, Gelderland", "query": "https://api.pdok.nl/bzk/locatieserver/search/v3_1/free?rows=20&q=Nijmegen&fq=type%3Awoonplaats", "provider": "PDOK", "id": "wpl-426270a44a94aa161782f45977711f07", "country": "NL", "province": "Gelderland"}, "status": "historical", "tht": false, "kvk": null, "website": null, "staff": null, "checked": "2026-09-05", "relevance": "Vermelding is een verkenningskandidaat, geen bevestigde overheidsleverancier. Eigendom, hosting en inkoopgeschiktheid zijn niet beoordeeld.", "report_page": 86, "country": "NL", "province": "Gelderland"}}, {"type": "Feature", "geometry": {"type": "Point", "coordinates": [5.45853544, 51.45016172]}, "properties": {"id": "report-high-tech-campus-eindhoven", "name": "High Tech Campus Eindhoven", "kind": "hub", "themes": ["Innovatie"], "description": "Opgenomen als initiatief in het PUBLIC-rapport uit 2021, pagina 86. Huidige naam, locatie en activiteiten zijn niet opnieuw geverifieerd.", "source_ids": ["public-2021"], "city": "Eindhoven", "location": {"city": "Eindhoven", "postcode": null, "number": null, "street": null, "precision": "city", "note": "Historische woonplaats, PUBLIC 2021 p. 86; geen actueel vestigingsadres.", "source_ids": ["public-2021", "pdok"], "lat": 51.45016172, "lon": 5.45853544, "label": "Eindhoven, Eindhoven, Noord-Brabant", "query": "https://api.pdok.nl/bzk/locatieserver/search/v3_1/free?rows=20&q=Eindhoven&fq=type%3Awoonplaats", "provider": "PDOK", "id": "wpl-e00997593fa854ee041244e352a8bb06", "country": "NL", "province": "Noord-Brabant"}, "status": "historical", "tht": false, "kvk": null, "website": null, "staff": null, "checked": "2026-09-05", "relevance": "Vermelding is een verkenningskandidaat, geen bevestigde overheidsleverancier. Eigendom, hosting en inkoopgeschiktheid zijn niet beoordeeld.", "report_page": 86, "country": "NL", "province": "Noord-Brabant"}}, {"type": "Feature", "geometry": {"type": "Point", "coordinates": [4.32470913, 52.06994473]}, "properties": {"id": "hpm", "name": "Holland Park Media", "kind": "company", "themes": ["Media", "Evenementen"], "description": "Media- en evenementenorganisatie; klant van Prospero en mede-organisator van Party4Planet.", "source_ids": ["tht-prospero", "tht-party"], "city": "Den Haag", "status": "researched", "tht": true, "kvk": null, "website": null, "location": {"city": "Den Haag", "postcode": "2521CA", "number": 5, "street": "Waldorpstraat", "precision": "hub", "note": "Referentiepunt The Hague Tech, geen geverifieerd individueel kantoor. Communityvermelding kan historisch zijn.", "source_ids": ["tht-prospero", "tht-move", "pdok"], "lat": 52.06994473, "lon": 4.32470913, "label": "Waldorpstraat 5, 2521CA 's-Gravenhage", "query": "https://api.pdok.nl/bzk/locatieserver/search/v3_1/free?rows=20&q=Waldorpstraat&fq=type%3Aadres&fq=postcode%3A2521CA&fq=huisnummer%3A5", "provider": "PDOK", "id": "adr-2752a817fd31f5ea6a8430e39cf18ed4", "country": "NL", "province": "Zuid-Holland"}, "relevance": "Ecosysteemrol of mogelijke toepassing; geen inkoopadvies of bewijs van digitale soevereiniteit.", "staff": null, "checked": "2026-09-05", "country": "NL", "province": "Zuid-Holland"}}, {"type": "Feature", "geometry": {"type": "Point", "coordinates": [4.47764502, 51.92099312]}, "properties": {"id": "gts-1049", "name": "Humankind", "kind": "company", "themes": ["Digitale overheid"], "description": "​Humankind is a Rotterdam-based agency dedicated to accelerating urban change by creating cities that are human and kind to ourselves, others, and our planet.", "source_ids": ["eu-companies", "kvk-2025"], "city": "Rotterdam", "location": {"city": "Rotterdam", "postcode": "3012CA", "number": null, "street": null, "precision": "postcode", "note": "Exacte naam en websitedomein komen overeen met KvK. Postcode uit augustus 2025; geen kantoorcontrole.", "source_ids": ["kvk-2025", "pdok"], "lat": 51.92099312, "lon": 4.47764502, "label": "Aert van Nesstraat, 3012CA Rotterdam", "query": "https://api.pdok.nl/bzk/locatieserver/search/v3_1/free?rows=20&q=3012CA&fq=type%3Apostcode&fq=postcode%3A3012CA", "provider": "PDOK", "id": "pcd-5d19ae8c6cc1f84bc98671e18e474a37", "country": "NL", "province": "Zuid-Holland"}, "status": "catalogue", "tht": false, "kvk": "91422973", "website": "https://www.humankind.city/", "staff": null, "checked": "2026-09-05", "relevance": "Vermelding is een verkenningskandidaat, geen bevestigde overheidsleverancier. Eigendom, hosting en inkoopgeschiktheid zijn niet beoordeeld.", "coverage_countries": ["NL"], "catalogue_id": "GTS-1049", "source_updated": "30/04/2025", "source_status": "Active", "source_method": "Desk research", "description_language": "en", "kvk_candidates": [{"name": "Humankind B.V.", "kvk_number": "91422973", "city": "Rotterdam", "postcode": "3012 CA", "website": "www.humankind.city"}], "country": "NL", "province": "Zuid-Holland"}}, {"type": "Feature", "geometry": {"type": "Point", "coordinates": [13.84506, 58.39118]}, "properties": {"id": "university-skovde", "name": "Högskolan i Skövde / University of Skövde", "kind": "knowledge", "country": "SE", "country_code": "SE", "country_name": "Zweden", "city": "Skövde", "location": {"city": "Skövde", "country": "SE", "country_code": "SE", "precision": "city", "source_ids": ["gs2-skovde-contact", "eur-geonames"], "lat": 58.39118, "lon": 13.84506, "postcode": null, "street": null, "number": null, "note": "Benaderd stadsreferentiepunt; geen individueel kantoor. ", "geonames_city": "Skövde", "id": "geonames-2677234", "provider": "GeoNames", "coordinate_source": "https://www.geonames.org/2677234/", "label": "Skövde (stadsniveau)", "coordinate_source_id": "eur-geonames"}, "description": "Onderzoekspartner bij de voorbereiding van duurzame digitale inkoop zonder ongewenste afhankelijkheid.", "source_ids": ["gs2-sustaingov-lockin", "gs2-skovde-contact", "gs2-skovde-lockin"], "website": "https://www.his.se/", "themes": ["Digitale overheid", "Innovatie", "Europese samenwerking"], "status": "researched", "checked": "2026-09-09", "ecosystem_scope": "europe", "tht": false, "kvk": null, "staff": null, "entity_type": "organisation", "relevance": "Geselecteerd op een concrete publieke innovatie- of digitaliseringsrol; zie relaties en brondata. Geen zelfstandige soevereiniteitsbeoordeling."}}, {"type": "Feature", "geometry": {"type": "Point", "coordinates": [2.15899, 41.38879]}, "properties": {"id": "i2cat", "name": "i2CAT Research Centre", "kind": "knowledge", "country": "ES", "country_code": "ES", "country_name": "Spanje", "themes": ["Digitale overheid", "Innovatie"], "description": "Onderzoekscentrum dat met overheden digitale dienstverlening ontwerpt en GovTech Catalunya en de DCA-GovTech-gemeenschap helpt uitvoeren.", "source_ids": ["ib2-i2cat", "ib2-catalunya"], "city": "Barcelona", "location": {"city": "Barcelona", "country": "ES", "country_code": "ES", "precision": "city", "lat": 41.38879, "lon": 2.15899, "source_ids": ["ib2-i2cat-address", "eur-geonames"], "note": "Benaderd stadsreferentiepunt; geen individueel kantoor. ", "geonames_city": "Barcelona", "id": "geonames-3128760", "provider": "GeoNames", "coordinate_source": "https://www.geonames.org/3128760/", "label": "Barcelona (stadsniveau)", "coordinate_source_id": "eur-geonames"}, "status": "researched", "tht": false, "kvk": null, "website": "https://i2cat.net/sector/digital-administration/", "relevance": "Onderzoekscentrum dat met overheden digitale dienstverlening ontwerpt en GovTech Catalunya en de DCA-GovTech-gemeenschap helpt uitvoeren. Opname bewijst geen digitale soevereiniteit of actuele leveranciersopdracht.", "govtech_basis": "Onderzoekscentrum dat met overheden digitale dienstverlening ontwerpt en GovTech Catalunya en de DCA-GovTech-gemeenschap helpt uitvoeren.", "staff": null, "checked": "2026-09-09", "ecosystem_scope": "europe", "entity_type": "organisation"}}, {"type": "Feature", "geometry": {"type": "Point", "coordinates": [5.07168928, 52.62273205]}, "properties": {"id": "ibabs", "name": "iBabs", "city": "Hoorn", "kind": "company", "themes": ["Software", "Democratie", "Openbaarheid"], "description": "Vergader- en raadsinformatiesoftware. Het officiële handboek van de gemeente Hoorn beschrijft het gebruik van iBabs voor openbare raadsinformatie.", "source_ids": ["nl-ibabs-address", "nl-ibabs-hoorn", "nl-ibabs-province-pdok"], "status": "researched", "tht": false, "kvk": null, "website": "https://www.ibabs.com", "staff": null, "checked": "2026-09-09", "relevance": "Directe toepassing bij publieke dienstverlening, onderbouwd met primaire product- of klantbronnen. Eigendom, hostingketen en digitale soevereiniteit zijn niet als geheel beoordeeld.", "location": {"city": "Hoorn", "postcode": "1624NP", "number": null, "street": null, "precision": "city", "note": "Stadsreferentie Hoorn, Noord-Holland. Eigen contactpagina noemt Maelsonstraat 28-4, 1624 NP; PDOK bevestigt provincie. Postcode dient uitsluitend plaatsdisambiguatie; geen exact kantoorpunt.", "source_ids": ["nl-ibabs-address", "nl-ibabs-province-pdok", "pdok"], "lat": 52.62273205, "lon": 5.07168928, "country": "NL", "province": "Noord-Holland", "label": "Hoorn, Hoorn, Noord-Holland", "query": "https://api.pdok.nl/bzk/locatieserver/search/v3_1/free?rows=20&q=Hoorn&fq=type%3Awoonplaats", "provider": "PDOK", "id": "wpl-b0ca87fd5e9bf08aa4e6acf8bf58ee3b"}, "country": "NL", "province": "Noord-Holland"}}, {"type": "Feature", "geometry": {"type": "Point", "coordinates": [4.34161534, 52.07928009]}, "properties": {"id": "ictu", "name": "ICTU", "kind": "government", "themes": ["Software", "Digitale overheid"], "description": "Publieke ICT-projectorganisatie en partner van Digicampus.", "source_ids": ["digi-partners", "kvk-2025"], "city": "Den Haag", "status": "researched", "tht": false, "kvk": "27198742", "website": null, "location": {"city": "Den Haag", "postcode": "2595AN", "number": null, "street": null, "precision": "postcode", "note": "Postcodegebied uit KvK-export augustus 2025.", "source_ids": ["kvk-2025", "pdok"], "lat": 52.07928009, "lon": 4.34161534, "label": "Wilhelmina van Pruisenweg, 2595AN 's-Gravenhage", "query": "https://api.pdok.nl/bzk/locatieserver/search/v3_1/free?rows=20&q=2595AN&fq=type%3Apostcode&fq=postcode%3A2595AN", "provider": "PDOK", "id": "pcd-84eeef4ff7ea62577863abadc83e5b04", "country": "NL", "province": "Zuid-Holland"}, "relevance": "Ecosysteemrol of mogelijke toepassing; geen inkoopadvies of bewijs van digitale soevereiniteit.", "staff": null, "checked": "2026-09-05", "country": "NL", "province": "Zuid-Holland"}}, {"type": "Feature", "geometry": {"type": "Point", "coordinates": [-3.70256, 40.4165]}, "properties": {"id": "inap-lip", "name": "INAP / Laboratorio de Innovación Pública", "kind": "knowledge", "themes": ["Innovatie", "Burgerparticipatie", "Europese samenwerking"], "description": "Spaans bestuursinstituut en innovatie-lab, door Digicampus genoemd als Spaanse vertegenwoordiger in het TSI-project voor burgerparticipatie.", "source_ids": ["eur-digi-tsi", "eur-inap-address"], "city": "Madrid", "country": "ES", "country_code": "ES", "location": {"city": "Madrid", "country": "ES", "country_code": "ES", "postcode": null, "street": null, "number": null, "precision": "city", "note": "Benaderd stadsreferentiepunt, geen individueel kantoor. ", "source_ids": ["eur-inap-address", "eur-geonames"], "lat": 40.4165, "lon": -3.70256, "label": "Madrid (stadsniveau)", "provider": "GeoNames", "coordinate_source": "https://www.geonames.org/3117735/", "coordinate_source_id": "eur-geonames", "id": "geonames-3117735", "country_name": "Spanje"}, "status": "researched", "tht": false, "kvk": null, "website": "https://www.inap.es/", "relevance": "Onderbouwde Europese ecosysteemrol. Geen bewijs van leverancierscontracten of digitale soevereiniteit.", "staff": null, "checked": "2026-09-09", "ecosystem_scope": "europe", "country_name": "Spanje"}}, {"type": "Feature", "geometry": {"type": "Point", "coordinates": [2.3488, 48.85341]}, "properties": {"id": "france-travail-incubateur", "name": "Incubateur de France Travail", "kind": "hub", "themes": ["Digitale overheid", "Innovatie", "Community"], "description": "Incubator voor digitale arbeidsmarktdiensten; vermeldt 42 geïncubeerde producten sinds 2015.", "source_ids": ["fg2-francetravail-incubator", "fg2-beta-bilan"], "city": "Parijs", "country": "FR", "country_code": "FR", "country_name": "Frankrijk", "location": {"city": "Parijs", "country": "FR", "country_code": "FR", "precision": "city", "lat": 48.85341, "lon": 2.3488, "source_ids": ["fg2-francetravail-incubator", "eur-geonames"], "note": "Benaderd stadsreferentiepunt, geen individueel kantoor. Institutionele incubator; geen aparte rechtspersoon.", "geonames_city": "Paris", "id": "geonames-2988507", "provider": "GeoNames", "coordinate_source": "https://www.geonames.org/2988507/", "label": "Parijs (stadsniveau)", "coordinate_source_id": "eur-geonames"}, "status": "researched", "tht": false, "kvk": null, "website": "https://www.beta.gouv.fr/incubateurs/francetravail", "relevance": "Incubator voor digitale arbeidsmarktdiensten; vermeldt 42 geïncubeerde producten sinds 2015. Institutionele incubator; geen aparte rechtspersoon.", "govtech_basis": "Concrete publieke digitale dienstverlening, incubatie of samenwerking beschreven in de gekoppelde primaire bron.", "staff": null, "checked": "2026-09-09", "ecosystem_scope": "europe", "entity_type": "programme"}}, {"type": "Feature", "geometry": {"type": "Point", "coordinates": [2.3488, 48.85341]}, "properties": {"id": "anct-incubateur", "name": "Incubateur des Territoires (ANCT)", "kind": "hub", "themes": ["Digitale overheid", "Innovatie", "Community"], "description": "Gemeentelijke digitale diensten en digitale commons; ondersteunt lokale overheden bij gebruik en hergebruik.", "source_ids": ["fg2-anct-incubator", "fg2-beta-bilan"], "city": "Parijs", "country": "FR", "country_code": "FR", "country_name": "Frankrijk", "location": {"city": "Parijs", "country": "FR", "country_code": "FR", "precision": "city", "lat": 48.85341, "lon": 2.3488, "source_ids": ["fg2-anct-incubator", "eur-geonames"], "note": "Benaderd stadsreferentiepunt, geen individueel kantoor. Institutionele incubator; geen aparte rechtspersoon.", "geonames_city": "Paris", "id": "geonames-2988507", "provider": "GeoNames", "coordinate_source": "https://www.geonames.org/2988507/", "label": "Parijs (stadsniveau)", "coordinate_source_id": "eur-geonames"}, "status": "researched", "tht": false, "kvk": null, "website": "https://beta.gouv.fr/incubateurs/anct.html", "relevance": "Gemeentelijke digitale diensten en digitale commons; ondersteunt lokale overheden bij gebruik en hergebruik. Institutionele incubator; geen aparte rechtspersoon.", "govtech_basis": "Concrete publieke digitale dienstverlening, incubatie of samenwerking beschreven in de gekoppelde primaire bron.", "staff": null, "checked": "2026-09-09", "ecosystem_scope": "europe", "entity_type": "programme"}}, {"type": "Feature", "geometry": {"type": "Point", "coordinates": [18.06871, 59.32938]}, "properties": {"id": "inera", "name": "Inera AB", "kind": "government", "country": "SE", "country_code": "SE", "country_name": "Zweden", "city": "Stockholm", "location": {"city": "Stockholm", "country": "SE", "country_code": "SE", "precision": "city", "source_ids": ["gs2-inera-contact", "eur-geonames"], "lat": 59.32938, "lon": 18.06871, "postcode": null, "street": null, "number": null, "note": "Benaderd stadsreferentiepunt; geen individueel kantoor. ", "geonames_city": "Stockholm", "id": "geonames-2673730", "provider": "GeoNames", "coordinate_source": "https://www.geonames.org/2673730/", "label": "Stockholm (stadsniveau)", "coordinate_source_id": "eur-geonames"}, "description": "Publieke digitaliseringsorganisatie; benoemde deelnemer en medefinancier van Svea in 2026.", "source_ids": ["gs2-svea", "gs2-inera-contact", "gs2-inera-about"], "website": "https://www.inera.se/", "themes": ["Digitale overheid", "Innovatie", "Europese samenwerking"], "status": "researched", "checked": "2026-09-09", "ecosystem_scope": "europe", "tht": false, "kvk": null, "staff": null, "entity_type": "organisation", "relevance": "Geselecteerd op een concrete publieke innovatie- of digitaliseringsrol; zie relaties en brondata. Geen zelfstandige soevereiniteitsbeoordeling."}}, {"type": "Feature", "geometry": {"type": "Point", "coordinates": [23.7, 37.95]}, "properties": {"id": "information-society-gr", "name": "Information Society S.A. (Greece)", "kind": "government", "country": "GR", "country_code": "GR", "country_name": "Griekenland", "city": "Kallithea", "location": {"city": "Kallithea", "country": "GR", "country_code": "GR", "precision": "city", "source_ids": ["gs2-gr-digigov-ec", "eur-geonames"], "lat": 37.95, "lon": 23.7, "postcode": null, "street": null, "number": null, "note": "Benaderd stadsreferentiepunt; geen individueel kantoor. Openbaar adres uit de EU-projectcatalogus; geen exclusieve hoofdzetel geclaimd.", "geonames_city": "Kallithea", "id": "geonames-261414", "provider": "GeoNames", "coordinate_source": "https://www.geonames.org/261414/", "label": "Kallithea (stadsniveau)", "coordinate_source_id": "eur-geonames"}, "description": "Publieke uitvoeringsorganisatie; partner in het GovTech-innovatieconsortium.", "source_ids": ["gs2-grnet-hub", "gs2-gr-digigov-ec"], "website": "https://www.ktpae.gr/", "themes": ["Digitale overheid", "Innovatie", "Europese samenwerking"], "status": "researched", "checked": "2026-09-09", "ecosystem_scope": "europe", "tht": false, "kvk": null, "staff": null, "entity_type": "organisation", "relevance": "Geselecteerd op een concrete publieke innovatie- of digitaliseringsrol; zie relaties en brondata. Geen zelfstandige soevereiniteitsbeoordeling."}}, {"type": "Feature", "geometry": {"type": "Point", "coordinates": [9.17702, 48.78232]}, "properties": {"id": "innolab-bw", "name": "InnoLab_bw", "kind": "hub", "themes": ["Digitale overheid", "Innovatie", "Community"], "description": "Innovatielab binnen de regering van Baden-Württemberg; verbindt overheid, technologie en wetenschap en ontwikkelde F13 mee.", "source_ids": ["fg2-innolab", "fg2-f13", "fg2-f13-update-2025"], "city": "Stuttgart", "country": "DE", "country_code": "DE", "country_name": "Duitsland", "location": {"city": "Stuttgart", "country": "DE", "country_code": "DE", "precision": "city", "lat": 48.78232, "lon": 9.17702, "source_ids": ["fg2-innolab", "eur-geonames"], "note": "Benaderd stadsreferentiepunt, geen individueel kantoor. ", "id": "geonames-2825297", "provider": "GeoNames", "coordinate_source": "https://www.geonames.org/2825297/", "label": "Stuttgart (stadsniveau)", "coordinate_source_id": "eur-geonames"}, "status": "researched", "tht": false, "kvk": null, "website": "https://stm.baden-wuerttemberg.de/de/themen/innovationslabor", "relevance": "Innovatielab binnen de regering van Baden-Württemberg; verbindt overheid, technologie en wetenschap en ontwikkelde F13 mee. ", "govtech_basis": "Concrete publieke digitale dienstverlening, incubatie of samenwerking beschreven in de gekoppelde primaire bron.", "staff": null, "checked": "2026-09-09", "ecosystem_scope": "europe", "entity_type": "public_unit"}}, {"type": "Feature", "geometry": {"type": "Point", "coordinates": [2.10228, 48.83783]}, "properties": {"id": "inria", "name": "Inria", "kind": "knowledge", "themes": ["Digitale overheid", "Innovatie", "Community"], "description": "Publiek instituut voor digitale wetenschap; ontwikkelde via Inria Academy met DINUM een AI-opleiding voor publieke medewerkers.", "source_ids": ["fg2-inria-training", "fg2-inria-address"], "city": "Le Chesnay-Rocquencourt", "country": "FR", "country_code": "FR", "country_name": "Frankrijk", "location": {"city": "Le Chesnay-Rocquencourt", "country": "FR", "country_code": "FR", "precision": "city", "lat": 48.83783, "lon": 2.10228, "source_ids": ["fg2-inria-address", "eur-geonames-fr"], "note": "Benaderd stadsreferentiepunt in Rocquencourt bij Versailles; geen kantoorcoördinaat. Officiële Franse overheidsdirectory bevestigt de locatie.", "geonames_city": "Rocquencourt", "geonames_id": 2983174, "id": "geonames-2983174", "provider": "GeoNames", "coordinate_source": "https://www.geonames.org/2983174/", "label": "Le Chesnay-Rocquencourt (stadsniveau)", "coordinate_source_id": "eur-geonames-fr"}, "status": "researched", "tht": false, "kvk": null, "website": "https://www.inria.fr/", "relevance": "Publiek onderzoeksinstituut en concrete DINUM-partner voor AI-opleiding. Hoofdzetel geverifieerd in de Franse overheidsdirectory; opleidingsonderzoek uit Bordeaux creëert geen tweede organisatie.", "govtech_basis": "Concrete publieke digitale dienstverlening, incubatie of samenwerking beschreven in de gekoppelde primaire bron.", "staff": null, "checked": "2026-09-09", "ecosystem_scope": "europe", "entity_type": "organisation"}}, {"type": "Feature", "geometry": {"type": "Point", "coordinates": [23.72784, 37.98376]}, "properties": {"id": "iccs-gr", "name": "Institute of Communication and Computer Systems (ICCS)", "kind": "knowledge", "country": "GR", "country_code": "GR", "country_name": "Griekenland", "city": "Athene", "location": {"city": "Athene", "country": "GR", "country_code": "GR", "precision": "city", "source_ids": ["gs2-gr-digigov-ec", "eur-geonames"], "lat": 37.98376, "lon": 23.72784, "postcode": null, "street": null, "number": null, "note": "Benaderd stadsreferentiepunt; geen individueel kantoor. Openbaar adres uit de EU-projectcatalogus; geen exclusieve hoofdzetel geclaimd.", "geonames_city": "Athens", "id": "geonames-264371", "provider": "GeoNames", "coordinate_source": "https://www.geonames.org/264371/", "label": "Athene (stadsniveau)", "coordinate_source_id": "eur-geonames"}, "description": "Onderzoeksinstituut met deelname aan twee publieke digitale innovatiehubs.", "source_ids": ["gs2-grnet-hub", "gs2-gr-digigov-ec", "gs2-smartattica-ec"], "website": "https://www.iccs.gr/", "themes": ["Digitale overheid", "Innovatie", "Europese samenwerking"], "status": "researched", "checked": "2026-09-09", "ecosystem_scope": "europe", "tht": false, "kvk": null, "staff": null, "entity_type": "organisation", "relevance": "Geselecteerd op een concrete publieke innovatie- of digitaliseringsrol; zie relaties en brondata. Geen zelfstandige soevereiniteitsbeoordeling."}}, {"type": "Feature", "geometry": {"type": "Point", "coordinates": [-9.1498, 38.72509]}, "properties": {"id": "iscte", "name": "Iscte – Instituto Universitário de Lisboa", "kind": "knowledge", "country": "PT", "country_code": "PT", "country_name": "Portugal", "themes": ["Digitale overheid", "Innovatie"], "description": "Universiteit met AI4PA-partnerrol en opleiding voor digitalisering van overheden en relevante mkb-bedrijven.", "source_ids": ["ib2-ai4pa", "ib2-ai4pa-training"], "city": "Lissabon", "location": {"city": "Lissabon", "country": "PT", "country_code": "PT", "precision": "city", "lat": 38.72509, "lon": -9.1498, "source_ids": ["ib2-iscte-address", "eur-geonames"], "note": "Benaderd stadsreferentiepunt; geen individueel kantoor. ", "geonames_city": "Lisbon", "id": "geonames-2267057", "provider": "GeoNames", "coordinate_source": "https://www.geonames.org/2267057/", "label": "Lissabon (stadsniveau)", "coordinate_source_id": "eur-geonames"}, "status": "researched", "tht": false, "kvk": null, "website": "https://digital.gov.pt/pt/noticias/ai4pa-polo-de-inovacao-digital-que-apoia-a-administracao-publica-e-as-pmes-na-transicao-para-a-ia", "relevance": "Universiteit met AI4PA-partnerrol en opleiding voor digitalisering van overheden en relevante mkb-bedrijven. Opname bewijst geen digitale soevereiniteit of actuele leveranciersopdracht.", "govtech_basis": "Universiteit met AI4PA-partnerrol en opleiding voor digitalisering van overheden en relevante mkb-bedrijven.", "staff": null, "checked": "2026-09-09", "ecosystem_scope": "europe", "entity_type": "organisation"}}, {"type": "Feature", "geometry": {"type": "Point", "coordinates": [9.17702, 48.78232]}, "properties": {"id": "bitbw", "name": "IT Baden-Württemberg (BITBW)", "kind": "government", "themes": ["Digitale overheid", "Cloud", "AI"], "description": "Publieke IT-dienstverlener van Baden-Württemberg; verzorgt de hosting van de volledige F13-versie volgens de overheidsbron van juli 2025.", "source_ids": ["fg2-f13-update-2025", "fg2-bitbw-address"], "city": "Stuttgart", "country": "DE", "country_code": "DE", "country_name": "Duitsland", "location": {"city": "Stuttgart", "country": "DE", "country_code": "DE", "precision": "city", "lat": 48.78232, "lon": 9.17702, "source_ids": ["fg2-bitbw-address", "eur-geonames"], "note": "Benaderd stadsreferentiepunt, geen individueel kantoor.", "id": "geonames-2825297", "provider": "GeoNames", "coordinate_source": "https://www.geonames.org/2825297/", "label": "Stuttgart (stadsniveau)", "coordinate_source_id": "eur-geonames"}, "status": "researched", "tht": false, "kvk": null, "website": "https://bitbw.de/", "relevance": "Concrete publieke hostingrol voor F13.", "govtech_basis": "Hosting van publieke AI-dienst F13 volgens officiële overheidsbron.", "staff": null, "checked": "2026-09-09", "ecosystem_scope": "europe", "entity_type": "organisation"}}, {"type": "Feature", "geometry": {"type": "Point", "coordinates": [13.41053, 52.52437]}, "properties": {"id": "itdz-berlin", "name": "ITDZ Berlin", "kind": "government", "themes": ["Digitale overheid", "Open source"], "description": "Publieke IT-dienstverlener van Berlijn; testte openDesk samen met CityLAB binnen GovTech TestLAB.", "source_ids": ["fg2-citylab-itdz", "fg2-itdz-address"], "city": "Berlijn", "country": "DE", "country_code": "DE", "country_name": "Duitsland", "location": {"city": "Berlijn", "country": "DE", "country_code": "DE", "precision": "city", "lat": 52.52437, "lon": 13.41053, "source_ids": ["fg2-itdz-address", "eur-geonames"], "note": "Benaderd stadsreferentiepunt, geen individueel kantoor. ", "geonames_city": "Berlin", "id": "geonames-2950159", "provider": "GeoNames", "coordinate_source": "https://www.geonames.org/2950159/", "label": "Berlijn (stadsniveau)", "coordinate_source_id": "eur-geonames"}, "status": "researched", "tht": false, "kvk": null, "website": "https://www.itdz-berlin.de/", "relevance": "Publieke IT-dienstverlener van Berlijn; testte openDesk samen met CityLAB binnen GovTech TestLAB. ", "govtech_basis": "Concrete publieke digitale dienstverlening, incubatie of samenwerking beschreven in de gekoppelde primaire bron.", "staff": null, "checked": "2026-09-09", "ecosystem_scope": "europe", "entity_type": "organisation"}}, {"type": "Feature", "geometry": {"type": "Point", "coordinates": [4.48653571, 51.92248806]}, "properties": {"id": "gts-693", "name": "Jedlix", "kind": "company", "themes": ["Energie & leefomgeving", "Artificial Intelligence", "IoT"], "description": "Jedlix is a Rotterdam-based smart charging company focused on integrating electric vehicles into flexible, renewable energy systems.", "source_ids": ["eu-companies"], "city": "Rotterdam", "location": {"city": "Rotterdam", "postcode": null, "number": null, "street": null, "precision": "city", "note": "Woonplaats uit EU-beschrijving; geen bevestigd kantooradres.", "source_ids": ["eu-companies", "pdok"], "lat": 51.92248806, "lon": 4.48653571, "label": "Rotterdam, Rotterdam, Zuid-Holland", "query": "https://api.pdok.nl/bzk/locatieserver/search/v3_1/free?rows=20&q=Rotterdam&fq=type%3Awoonplaats", "provider": "PDOK", "id": "wpl-055d1ceec024dcc35de9ffae9d18bd7b", "country": "NL", "province": "Zuid-Holland"}, "status": "catalogue", "tht": false, "kvk": null, "website": "https://www.jedlix.com", "staff": "11-100 employees", "checked": "2026-09-05", "relevance": "Vermelding is een verkenningskandidaat, geen bevestigde overheidsleverancier. Eigendom, hosting en inkoopgeschiktheid zijn niet beoordeeld.", "coverage_countries": ["NL"], "catalogue_id": "GTS-693", "source_updated": "15/06/2026", "source_status": "Acquired ", "source_method": "Desk research", "description_language": "en", "kvk_candidates": [{"name": "Jedlix B.V.", "kvk_number": "64589897", "city": "Rotterdam", "postcode": "3013 AK", "website": ""}], "country": "NL", "province": "Zuid-Holland"}}, {"type": "Feature", "geometry": {"type": "Point", "coordinates": [4.48653571, 51.92248806]}, "properties": {"id": "kpn", "name": "KPN", "city": "Rotterdam", "kind": "company", "themes": ["Identiteit", "eHerkenning", "Connectiviteit"], "description": "Telecom- en ICT-bedrijf; door eHerkenning vermeld als erkende leverancier en makelaar voor zakelijke toegang tot publieke digitale diensten.", "source_ids": ["nl-kpn-address", "nl-eherkenning"], "status": "researched", "tht": false, "kvk": null, "website": "https://www.kpn.com", "staff": null, "checked": "2026-09-09", "relevance": "Directe toepassing bij publieke dienstverlening, onderbouwd met primaire product- of klantbronnen. Eigendom, hostingketen en digitale soevereiniteit zijn niet als geheel beoordeeld.", "location": {"city": "Rotterdam", "postcode": null, "number": null, "street": null, "precision": "city", "note": "Woonplaatsreferentie van een publiek vermeld zakelijk kantoor; geen exact kantoorpunt. Eén vestiging per organisatie, geen volledig vestigingenregister.", "source_ids": ["nl-kpn-address", "pdok"], "lat": 51.92248806, "lon": 4.48653571, "country": "NL", "label": "Rotterdam, Rotterdam, Zuid-Holland", "query": "https://api.pdok.nl/bzk/locatieserver/search/v3_1/free?rows=20&q=Rotterdam&fq=type%3Awoonplaats", "provider": "PDOK", "id": "wpl-055d1ceec024dcc35de9ffae9d18bd7b", "province": "Zuid-Holland"}, "country": "NL", "province": "Zuid-Holland"}}, {"type": "Feature", "geometry": {"type": "Point", "coordinates": [-0.87734, 41.65606]}, "properties": {"id": "laaab", "name": "LAAAB – Laboratorio de Aragón Gobierno Abierto", "kind": "hub", "country": "ES", "country_code": "ES", "country_name": "Spanje", "themes": ["Digitale overheid", "Innovatie"], "description": "Regionaal overheidslab voor burgerparticipatie, gezamenlijk ontwerp van diensten en democratische innovatie; betrokken bij de historische ontwikkeling van HazLab.", "source_ids": ["ib2-laaab", "ib2-hazlab-design"], "city": "Zaragoza", "location": {"city": "Zaragoza", "country": "ES", "country_code": "ES", "precision": "city", "lat": 41.65606, "lon": -0.87734, "source_ids": ["ib2-laaab-address", "eur-geonames"], "note": "Benaderd stadsreferentiepunt; geen individueel kantoor. ", "geonames_city": "Zaragoza", "id": "geonames-3104324", "provider": "GeoNames", "coordinate_source": "https://www.geonames.org/3104324/", "label": "Zaragoza (stadsniveau)", "coordinate_source_id": "eur-geonames"}, "status": "researched", "tht": false, "kvk": null, "website": "https://www.laaab.es/author/laaab/", "relevance": "Regionaal overheidslab voor burgerparticipatie, gezamenlijk ontwerp van diensten en democratische innovatie; betrokken bij de historische ontwikkeling van HazLab. Opname bewijst geen digitale soevereiniteit of actuele leveranciersopdracht.", "govtech_basis": "Regionaal overheidslab voor burgerparticipatie, gezamenlijk ontwerp van diensten en democratische innovatie; betrokken bij de historische ontwikkeling van HazLab.", "staff": null, "checked": "2026-09-09", "ecosystem_scope": "europe", "entity_type": "organisational_unit"}}, {"type": "Feature", "geometry": {"type": "Point", "coordinates": [-9.1498, 38.72509]}, "properties": {"id": "labx", "name": "LabX – ARTE", "kind": "hub", "themes": ["Community", "Burgerparticipatie", "Innovatie"], "description": "Portugese publieke innovatieafdeling bij ARTE, met netwerken van laboratoria en innovators. TSI-partner van Digicampus.", "source_ids": ["eur-labx-role", "eur-digi-tsi", "eur-arte-address"], "city": "Lissabon", "country": "PT", "country_code": "PT", "location": {"city": "Lissabon", "country": "PT", "country_code": "PT", "postcode": null, "street": null, "number": null, "precision": "city", "note": "Benaderd stadsreferentiepunt, geen individueel kantoor. Stad van moederorganisatie ARTE; individueel LabX-kantoor niet vastgesteld.", "source_ids": ["eur-arte-address", "eur-geonames"], "lat": 38.72509, "lon": -9.1498, "label": "Lissabon (stadsniveau)", "provider": "GeoNames", "coordinate_source": "https://www.geonames.org/2267057/", "coordinate_source_id": "eur-geonames", "id": "geonames-2267057", "country_name": "Portugal"}, "status": "researched", "tht": false, "kvk": null, "website": "https://www.arte.gov.pt/centro-para-a-inovacao-do-setor-publico-labx/", "relevance": "Onderbouwde Europese ecosysteemrol. Geen bewijs van leverancierscontracten of digitale soevereiniteit.", "staff": null, "checked": "2026-09-09", "ecosystem_scope": "europe", "country_name": "Portugal"}}, {"type": "Feature", "geometry": {"type": "Point", "coordinates": [-2.92528, 43.26271]}, "properties": {"id": "lantik", "name": "Lantik – Government of Biscay", "kind": "government", "themes": ["Digitale overheid", "Innovatie", "Europese samenwerking"], "description": "Publieke digitale dienstverlener voor Bizkaia; Europees GovTech4All-partner.", "source_ids": ["eur-lantik-role", "eur-govtech4all"], "city": "Bilbao", "country": "ES", "country_code": "ES", "location": {"city": "Bilbao", "country": "ES", "country_code": "ES", "postcode": null, "street": null, "number": null, "precision": "city", "note": "Benaderd stadsreferentiepunt, geen individueel kantoor. ", "source_ids": ["eur-lantik-role", "eur-geonames"], "lat": 43.26271, "lon": -2.92528, "label": "Bilbao (stadsniveau)", "provider": "GeoNames", "coordinate_source": "https://www.geonames.org/3128026/", "coordinate_source_id": "eur-geonames", "id": "geonames-3128026", "country_name": "Spanje"}, "status": "researched", "tht": false, "kvk": null, "website": "https://lantik.bizkaia.eus/", "relevance": "Onderbouwde Europese ecosysteemrol. Geen bewijs van leverancierscontracten of digitale soevereiniteit.", "staff": null, "checked": "2026-09-09", "ecosystem_scope": "europe", "country_name": "Spanje"}}, {"type": "Feature", "geometry": {"type": "Point", "coordinates": [4.34549728, 52.06620902]}, "properties": {"id": "gts-388", "name": "LessonUp", "kind": "company", "themes": ["Onderwijs", "Artificial Intelligence"], "description": "LessonUp is an education-technology company focused on helping teachers create and deliver more engaging lessons in both classroom and online settings.", "source_ids": ["eu-companies", "kvk-2025"], "city": "Den Haag", "location": {"city": "Den Haag", "postcode": "2516AG", "number": null, "street": null, "precision": "postcode", "note": "Exacte naam en websitedomein komen overeen met KvK. Postcode uit augustus 2025; geen kantoorcontrole.", "source_ids": ["kvk-2025", "pdok"], "lat": 52.06620902, "lon": 4.34549728, "label": "Saturnusstraat, 2516AG 's-Gravenhage", "query": "https://api.pdok.nl/bzk/locatieserver/search/v3_1/free?rows=20&q=2516AG&fq=type%3Apostcode&fq=postcode%3A2516AG", "provider": "PDOK", "id": "pcd-a1161620f9d71b0c0d43eeadb425b475", "country": "NL", "province": "Zuid-Holland"}, "status": "catalogue", "tht": false, "kvk": "64760006", "website": "https://lessonup.com/", "staff": "11-100 employees", "checked": "2026-09-05", "relevance": "Vermelding is een verkenningskandidaat, geen bevestigde overheidsleverancier. Eigendom, hosting en inkoopgeschiktheid zijn niet beoordeeld.", "coverage_countries": ["NL"], "catalogue_id": "GTS-388", "source_updated": "24/03/2026", "source_status": "Active", "source_method": "Desk research", "description_language": "en", "kvk_candidates": [{"name": "LessonUp B.V.", "kvk_number": "64760006", "city": "The Hague", "postcode": "2516 AG", "website": "www.lessonup.com"}], "country": "NL", "province": "Zuid-Holland"}}, {"type": "Feature", "geometry": {"type": "Point", "coordinates": [11.96679, 57.70716]}, "properties": {"id": "lindholmen-science-park", "name": "Lindholmen Science Park", "kind": "hub", "country": "SE", "country_code": "SE", "country_name": "Zweden", "city": "Göteborg", "location": {"city": "Göteborg", "country": "SE", "country_code": "SE", "precision": "city", "source_ids": ["gs2-lindholmen-contact", "eur-geonames"], "lat": 57.70716, "lon": 11.96679, "postcode": null, "street": null, "number": null, "note": "Benaderd stadsreferentiepunt; geen individueel kantoor. ", "geonames_city": "Göteborg", "id": "geonames-2711537", "provider": "GeoNames", "coordinate_source": "https://www.geonames.org/2711537/", "label": "Göteborg (stadsniveau)", "coordinate_source_id": "eur-geonames"}, "description": "Innovatieorganisatie en formele gastorganisatie van AI Sweden.", "source_ids": ["gs2-ai-sweden", "gs2-lindholmen-contact"], "website": "https://www.lindholmen.se/", "themes": ["Digitale overheid", "Innovatie", "Europese samenwerking"], "status": "researched", "checked": "2026-09-09", "ecosystem_scope": "europe", "tht": false, "kvk": null, "staff": null, "entity_type": "organisation", "relevance": "Geselecteerd op een concrete publieke innovatie- of digitaliseringsrol; zie relaties en brondata. Geen zelfstandige soevereiniteitsbeoordeling."}}, {"type": "Feature", "geometry": {"type": "Point", "coordinates": [4.34015737, 52.07846659]}, "properties": {"id": "logius", "name": "Logius", "kind": "government", "themes": ["Digitale overheid", "Identiteit"], "description": "Publieke dienstverlener voor de digitale overheid en partner van Digicampus.", "source_ids": ["digi-partners", "logius-address", "visma-logius"], "city": "Den Haag", "status": "researched", "tht": false, "kvk": null, "website": null, "location": {"city": "Den Haag", "postcode": "2595AN", "number": 52, "street": "Wilhelmina van Pruisenweg", "precision": "address", "note": "", "source_ids": ["logius-address", "pdok"], "lat": 52.07846659, "lon": 4.34015737, "label": "Wilhelmina van Pruisenweg 52, 2595AN 's-Gravenhage", "query": "https://api.pdok.nl/bzk/locatieserver/search/v3_1/free?rows=20&q=Wilhelmina+van+Pruisenweg&fq=type%3Aadres&fq=postcode%3A2595AN&fq=huisnummer%3A52", "provider": "PDOK", "id": "adr-617a18a4146998f5ea4c6851ef87c579", "country": "NL", "province": "Zuid-Holland"}, "relevance": "Ecosysteemrol of mogelijke toepassing; geen inkoopadvies of bewijs van digitale soevereiniteit.", "staff": null, "checked": "2026-09-05", "country": "NL", "province": "Zuid-Holland"}}, {"type": "Feature", "geometry": {"type": "Point", "coordinates": [5.45853544, 51.45016172]}, "properties": {"id": "gt-190", "name": "LUMO labs", "kind": "support", "themes": ["Innovatie"], "description": "LUMO Labs is an impact-driven venture capital fund and venture builder that supports early-stage startups working on emerging technologies such as AI, blockchain, IoT, cybersecurity, and immersive technologies.", "source_ids": ["eu-initiatives"], "city": "Eindhoven", "location": {"city": "Eindhoven", "postcode": null, "number": null, "street": null, "precision": "city", "note": "Stadreferentie uit broncontext, geen kantooradres. Onbetrouwbare atlascoordinaten zijn niet overgenomen.", "source_ids": ["eu-initiatives", "pdok"], "lat": 51.45016172, "lon": 5.45853544, "label": "Eindhoven, Eindhoven, Noord-Brabant", "query": "https://api.pdok.nl/bzk/locatieserver/search/v3_1/free?rows=20&q=Eindhoven&fq=type%3Awoonplaats", "provider": "PDOK", "id": "wpl-e00997593fa854ee041244e352a8bb06", "country": "NL", "province": "Noord-Brabant"}, "status": "catalogue", "tht": false, "kvk": null, "website": "https://lumolabs.io/", "staff": null, "checked": "2026-09-05", "relevance": "Vermelding is een verkenningskandidaat, geen bevestigde overheidsleverancier. Eigendom, hosting en inkoopgeschiktheid zijn niet beoordeeld.", "catalogue_id": "GT-190", "description_language": "en", "country": "NL", "province": "Noord-Brabant"}}, {"type": "Feature", "geometry": {"type": "Point", "coordinates": [4.90454379, 52.37344272]}, "properties": {"id": "maykin", "name": "Maykin", "city": "Amsterdam", "kind": "company", "themes": ["Open source", "Software", "Common Ground"], "description": "Ontwikkelt open-sourcecomponenten zoals Open Zaak, Open Formulieren en Open Inwoner Platform. De VNG beschrijft samenwerking met Dimpact en gemeenten.", "source_ids": ["nl-maykin", "nl-maykin-dimpact", "nl-maykin-vng"], "status": "researched", "tht": false, "kvk": "64214648", "website": "https://maykin.nl", "staff": null, "checked": "2026-09-09", "relevance": "Directe toepassing bij publieke dienstverlening, onderbouwd met primaire product- of klantbronnen. Eigendom, hostingketen en digitale soevereiniteit zijn niet als geheel beoordeeld.", "location": {"city": "Amsterdam", "postcode": null, "number": null, "street": null, "precision": "city", "note": "Woonplaatsreferentie van een publiek vermeld zakelijk kantoor; geen exact kantoorpunt. Eén vestiging per organisatie, geen volledig vestigingenregister.", "source_ids": ["nl-maykin", "pdok"], "lat": 52.37344272, "lon": 4.90454379, "country": "NL", "label": "Amsterdam, Amsterdam, Noord-Holland", "query": "https://api.pdok.nl/bzk/locatieserver/search/v3_1/free?rows=20&q=Amsterdam&fq=type%3Awoonplaats", "provider": "PDOK", "id": "wpl-62fe60a4eea50b7c33ba3d9c39a21e6a", "province": "Noord-Holland"}, "country": "NL", "province": "Noord-Holland"}}, {"type": "Feature", "geometry": {"type": "Point", "coordinates": [4.48653571, 51.92248806]}, "properties": {"id": "mendix", "name": "Mendix Technology", "kind": "company", "themes": ["Low-code", "Software", "Digitale overheid"], "description": "Low-codeplatform; de officiële overheidssectorpagina noemt City of Rotterdam en Rijkswaterstaat als klantverhalen.", "source_ids": ["mendix-government"], "city": "Rotterdam", "status": "researched", "tht": false, "kvk": "24380476", "website": "https://www.mendix.com", "location": {"city": "Rotterdam", "postcode": null, "number": null, "street": null, "precision": "city", "note": "City from the August 2025 KvK corporate snapshot; no private street address published.", "source_ids": ["kvk-2025", "mendix-government", "pdok"], "lat": 51.92248806, "lon": 4.48653571, "label": "Rotterdam, Rotterdam, Zuid-Holland", "query": "https://api.pdok.nl/bzk/locatieserver/search/v3_1/free?rows=20&q=Rotterdam&fq=type%3Awoonplaats", "provider": "PDOK", "id": "wpl-055d1ceec024dcc35de9ffae9d18bd7b", "country": "NL", "province": "Zuid-Holland"}, "relevance": "Genoemde publieke implementaties zijn onderbouwd; eigendom en hostingopties vragen aparte beoordeling.", "staff": null, "checked": "2026-09-09", "country": "NL", "province": "Zuid-Holland"}}, {"type": "Feature", "geometry": {"type": "Point", "coordinates": [17.3063, 62.39129]}, "properties": {"id": "mid-sweden-university", "name": "Mittuniversitetet / Mid Sweden University", "kind": "knowledge", "country": "SE", "country_code": "SE", "country_name": "Zweden", "city": "Sundsvall", "location": {"city": "Sundsvall", "country": "SE", "country_code": "SE", "precision": "city", "source_ids": ["gs2-miun-contact", "eur-geonames"], "lat": 62.39129, "lon": 17.3063, "postcode": null, "street": null, "number": null, "note": "Benaderd stadsreferentiepunt; geen individueel kantoor. Universiteit heeft tevens campus Östersund.", "geonames_city": "Sundsvall", "id": "geonames-2670781", "provider": "GeoNames", "coordinate_source": "https://www.geonames.org/2670781/", "label": "Sundsvall (stadsniveau)", "coordinate_source_id": "eur-geonames"}, "description": "Coördinator van SustainGov en academische samenwerkingspartner van Bron voor publieke digitalisering.", "source_ids": ["gs2-sustaingov-about", "gs2-bron-public", "gs2-miun-contact", "gs2-sustaingov-partners-current"], "website": "https://www.miun.se/", "themes": ["Digitale overheid", "Innovatie", "Europese samenwerking"], "status": "researched", "checked": "2026-09-09", "ecosystem_scope": "europe", "tht": false, "kvk": null, "staff": null, "entity_type": "organisation", "relevance": "Geselecteerd op een concrete publieke innovatie- of digitaliseringsrol; zie relaties en brondata. Geen zelfstandige soevereiniteitsbeoordeling."}}, {"type": "Feature", "geometry": {"type": "Point", "coordinates": [-8.6199, 41.23574]}, "properties": {"id": "municipio-maia", "name": "Município da Maia", "kind": "government", "country": "PT", "country_code": "PT", "country_name": "Portugal", "themes": ["Digitale overheid", "Innovatie"], "description": "Gemeente werkt met UNU-EGOV/AI4PA aan onderzoek naar burgerperceptie en vertrouwen rond publieke AI, gericht op jongeren.", "source_ids": ["ib2-unu-municipal"], "city": "Maia", "location": {"city": "Maia", "country": "PT", "country_code": "PT", "precision": "city", "lat": 41.23574, "lon": -8.6199, "source_ids": ["ib2-maia-address", "eur-geonames"], "note": "Benaderd stadsreferentiepunt; geen individueel kantoor. ", "geonames_city": "Maia", "id": "geonames-2738014", "provider": "GeoNames", "coordinate_source": "https://www.geonames.org/2738014/", "label": "Maia (stadsniveau)", "coordinate_source_id": "eur-geonames"}, "status": "researched", "tht": false, "kvk": null, "website": "https://unu.edu/egov/news/ai4pa-and-unu-egov-launch-public-perception-assessment-artificial-intelligence", "relevance": "Gemeente werkt met UNU-EGOV/AI4PA aan onderzoek naar burgerperceptie en vertrouwen rond publieke AI, gericht op jongeren. Opname bewijst geen digitale soevereiniteit of actuele leveranciersopdracht.", "govtech_basis": "Gemeente werkt met UNU-EGOV/AI4PA aan onderzoek naar burgerperceptie en vertrouwen rond publieke AI, gericht op jongeren.", "staff": null, "checked": "2026-09-09", "ecosystem_scope": "europe", "entity_type": "organisation"}}, {"type": "Feature", "geometry": {"type": "Point", "coordinates": [-8.68908, 41.18207]}, "properties": {"id": "municipio-matosinhos", "name": "Município de Matosinhos", "kind": "government", "country": "PT", "country_code": "PT", "country_name": "Portugal", "themes": ["Digitale overheid", "Innovatie"], "description": "Gemeente werkt met UNU-EGOV/AI4PA aan burgeronderzoek en focusgroepen voor verantwoorde AI in lokaal bestuur.", "source_ids": ["ib2-unu-municipal"], "city": "Matosinhos", "location": {"city": "Matosinhos", "country": "PT", "country_code": "PT", "precision": "city", "lat": 41.18207, "lon": -8.68908, "source_ids": ["ib2-matosinhos-address", "eur-geonames"], "note": "Benaderd stadsreferentiepunt; geen individueel kantoor. ", "geonames_city": "Matosinhos", "id": "geonames-2737824", "provider": "GeoNames", "coordinate_source": "https://www.geonames.org/2737824/", "label": "Matosinhos (stadsniveau)", "coordinate_source_id": "eur-geonames"}, "status": "researched", "tht": false, "kvk": null, "website": "https://unu.edu/egov/news/ai4pa-and-unu-egov-launch-public-perception-assessment-artificial-intelligence", "relevance": "Gemeente werkt met UNU-EGOV/AI4PA aan burgeronderzoek en focusgroepen voor verantwoorde AI in lokaal bestuur. Opname bewijst geen digitale soevereiniteit of actuele leveranciersopdracht.", "govtech_basis": "Gemeente werkt met UNU-EGOV/AI4PA aan burgeronderzoek en focusgroepen voor verantwoorde AI in lokaal bestuur.", "staff": null, "checked": "2026-09-09", "ecosystem_scope": "europe", "entity_type": "organisation"}}, {"type": "Feature", "geometry": {"type": "Point", "coordinates": [4.32178208, 52.07924232]}, "properties": {"id": "ncsc", "name": "NCSC", "kind": "government", "themes": ["Cybersecurity", "AI"], "description": "Nationaal Cyber Security Centrum; gebruikt volgens een leverancierscase een afgeschermde UbiOps-omgeving.", "source_ids": ["ubi-ncsc", "ncsc-address"], "city": "Den Haag", "status": "researched", "tht": false, "kvk": null, "website": null, "location": {"city": "Den Haag", "postcode": "2511DP", "number": 147, "street": "Turfmarkt", "precision": "address", "note": "", "source_ids": ["ncsc-address", "pdok"], "lat": 52.07924232, "lon": 4.32178208, "label": "Turfmarkt 147, 2511DP 's-Gravenhage", "query": "https://api.pdok.nl/bzk/locatieserver/search/v3_1/free?rows=20&q=Turfmarkt&fq=type%3Aadres&fq=postcode%3A2511DP&fq=huisnummer%3A147", "provider": "PDOK", "id": "adr-7382529cd4e7e4a9c313bec8e88b0829", "country": "NL", "province": "Zuid-Holland"}, "relevance": "Ecosysteemrol of mogelijke toepassing; geen inkoopadvies of bewijs van digitale soevereiniteit.", "staff": null, "checked": "2026-09-05", "country": "NL", "province": "Zuid-Holland"}}, {"type": "Feature", "geometry": {"type": "Point", "coordinates": [23.83333, 38.01667]}, "properties": {"id": "ncsr-demokritos", "name": "NCSR Demokritos", "kind": "knowledge", "country": "GR", "country_code": "GR", "country_name": "Griekenland", "city": "Agia Paraskevi", "location": {"city": "Agia Paraskevi", "country": "GR", "country_code": "GR", "precision": "city", "source_ids": ["gs2-smartattica-ec", "eur-geonames"], "lat": 38.01667, "lon": 23.83333, "postcode": null, "street": null, "number": null, "note": "Benaderd stadsreferentiepunt; geen individueel kantoor. ", "geonames_city": "Agia Paraskevi", "id": "geonames-264194", "provider": "GeoNames", "coordinate_source": "https://www.geonames.org/264194/", "label": "Agia Paraskevi (stadsniveau)", "coordinate_source_id": "eur-geonames"}, "description": "Onderzoekscentrum en coördinator van Smart Attica, met faciliteiten voor het testen van AI-toepassingen.", "source_ids": ["gs2-smartattica-ec", "gs2-smartattica-facilities"], "website": "https://www.demokritos.gr/", "themes": ["Digitale overheid", "Innovatie", "Europese samenwerking"], "status": "researched", "checked": "2026-09-09", "ecosystem_scope": "europe", "tht": false, "kvk": null, "staff": null, "entity_type": "organisation", "relevance": "Geselecteerd op een concrete publieke innovatie- of digitaliseringsrol; zie relaties en brondata. Geen zelfstandige soevereiniteitsbeoordeling."}}, {"type": "Feature", "geometry": {"type": "Point", "coordinates": [4.36310563, 51.99845672]}, "properties": {"id": "netcompany-netherlands", "name": "Netcompany Netherlands", "kind": "company", "themes": ["Software", "Digitale overheid", "Cloud"], "description": "Digitale ontwikkel- en applicatiedienstverlener; de officiële release noemt een raamovereenkomst met het Ministerie van Buitenlandse Zaken.", "source_ids": ["netcompany-buza"], "city": "Delft", "status": "researched", "tht": false, "kvk": "27239458", "website": "https://netcompany.com/nl", "location": {"city": "Delft", "postcode": null, "number": null, "street": null, "precision": "city", "note": "City from the August 2025 KvK corporate snapshot; no private street address published.", "source_ids": ["kvk-2025", "netcompany-buza", "pdok"], "lat": 51.99845672, "lon": 4.36310563, "label": "Delft, Delft, Zuid-Holland", "query": "https://api.pdok.nl/bzk/locatieserver/search/v3_1/free?rows=20&q=Delft&fq=type%3Awoonplaats", "provider": "PDOK", "id": "wpl-f91ebeb08f246f03b88604a8de071c2a", "country": "NL", "province": "Zuid-Holland"}, "relevance": "De genoemde raamovereenkomst met een ministerie is onderbouwd; actuele levering en soevereine hosting zijn niet afgeleid.", "staff": null, "checked": "2026-09-09", "country": "NL", "province": "Zuid-Holland"}}, {"type": "Feature", "geometry": {"type": "Point", "coordinates": [13.41053, 52.52437]}, "properties": {"id": "next-netz", "name": "NExT Netzwerk", "kind": "hub", "themes": ["Digitale overheid", "Innovatie", "Community"], "description": "Landelijk netwerk van publieke professionals; GovImpact-publicatie noemt meer dan 5700 netwerkdeelnemers in september 2025.", "source_ids": ["fg2-next", "fg2-govimpact"], "city": "Berlijn", "country": "DE", "country_code": "DE", "country_name": "Duitsland", "location": {"city": "Berlijn", "country": "DE", "country_code": "DE", "precision": "city", "lat": 52.52437, "lon": 13.41053, "source_ids": ["fg2-next", "eur-geonames"], "note": "Benaderd stadsreferentiepunt, geen individueel kantoor. ", "geonames_city": "Berlin", "id": "geonames-2950159", "provider": "GeoNames", "coordinate_source": "https://www.geonames.org/2950159/", "label": "Berlijn (stadsniveau)", "coordinate_source_id": "eur-geonames"}, "status": "researched", "tht": false, "kvk": null, "website": "https://next-netz.de/", "relevance": "Landelijk netwerk van publieke professionals; GovImpact-publicatie noemt meer dan 5700 netwerkdeelnemers in september 2025. ", "govtech_basis": "Concrete publieke digitale dienstverlening, incubatie of samenwerking beschreven in de gekoppelde primaire bron.", "staff": null, "checked": "2026-09-09", "ecosystem_scope": "europe", "entity_type": "organisation"}}, {"type": "Feature", "geometry": {"type": "Point", "coordinates": [4.32470913, 52.06994473]}, "properties": {"id": "nexyz", "name": "NexyZ", "kind": "support", "themes": ["Financiering", "Advies"], "description": "Adviseur bij bedrijfsfinanciering en transacties; ondersteunde AppSignal bij een groeifinanciering.", "source_ids": ["tht-appsignal"], "city": "Den Haag", "status": "researched", "tht": true, "kvk": null, "website": null, "location": {"city": "Den Haag", "postcode": "2521CA", "number": 5, "street": "Waldorpstraat", "precision": "hub", "note": "Referentiepunt The Hague Tech, geen geverifieerd individueel kantoor. Communityvermelding kan historisch zijn.", "source_ids": ["tht-appsignal", "tht-move", "pdok"], "lat": 52.06994473, "lon": 4.32470913, "label": "Waldorpstraat 5, 2521CA 's-Gravenhage", "query": "https://api.pdok.nl/bzk/locatieserver/search/v3_1/free?rows=20&q=Waldorpstraat&fq=type%3Aadres&fq=postcode%3A2521CA&fq=huisnummer%3A5", "provider": "PDOK", "id": "adr-2752a817fd31f5ea6a8430e39cf18ed4", "country": "NL", "province": "Zuid-Holland"}, "relevance": "Ecosysteemrol of mogelijke toepassing; geen inkoopadvies of bewijs van digitale soevereiniteit.", "staff": null, "checked": "2026-09-05", "country": "NL", "province": "Zuid-Holland"}}, {"type": "Feature", "geometry": {"type": "Point", "coordinates": [4.58013769, 51.934929]}, "properties": {"id": "notubiz", "name": "NotuBiz", "city": "Capelle aan den IJssel", "kind": "company", "themes": ["Software", "Democratie", "Besluitvorming"], "description": "Digitaal samenwerkingsplatform voor bestuurlijke besluitvorming bij gemeenten, provincies en waterschappen. Publiceert onder meer een RIS-implementatie bij Midden-Groningen.", "source_ids": ["nl-notubiz"], "status": "researched", "tht": false, "kvk": null, "website": "https://www.notubiz.nl", "staff": null, "checked": "2026-09-09", "relevance": "Directe toepassing bij publieke dienstverlening, onderbouwd met primaire product- of klantbronnen. Eigendom, hostingketen en digitale soevereiniteit zijn niet als geheel beoordeeld.", "location": {"city": "Capelle aan den IJssel", "postcode": null, "number": null, "street": null, "precision": "city", "note": "Woonplaatsreferentie van een publiek vermeld zakelijk kantoor; geen exact kantoorpunt. Eén vestiging per organisatie, geen volledig vestigingenregister.", "source_ids": ["nl-notubiz", "pdok"], "lat": 51.934929, "lon": 4.58013769, "country": "NL", "label": "Capelle aan den IJssel, Capelle aan den IJssel, Zuid-Holland", "query": "https://api.pdok.nl/bzk/locatieserver/search/v3_1/free?rows=20&q=Capelle+aan+den+IJssel&fq=type%3Awoonplaats", "provider": "PDOK", "id": "wpl-bb65302557a2c14971385f7a5d5a1aaa", "province": "Zuid-Holland"}, "country": "NL", "province": "Zuid-Holland"}}, {"type": "Feature", "geometry": {"type": "Point", "coordinates": [-9.1498, 38.72509]}, "properties": {"id": "nova-ims", "name": "NOVA IMS", "kind": "knowledge", "country": "PT", "country_code": "PT", "country_name": "Portugal", "themes": ["Digitale overheid", "Innovatie"], "description": "School voor informatiemanagement en datawetenschap; AI4PA-partner en mede-uitgever van opleidingscertificaten voor publieke innovatie.", "source_ids": ["ib2-ai4pa", "ib2-ai4pa-training"], "city": "Lissabon", "location": {"city": "Lissabon", "country": "PT", "country_code": "PT", "precision": "city", "lat": 38.72509, "lon": -9.1498, "source_ids": ["ib2-nova-address", "eur-geonames"], "note": "Benaderd stadsreferentiepunt; geen individueel kantoor. ", "geonames_city": "Lisbon", "id": "geonames-2267057", "provider": "GeoNames", "coordinate_source": "https://www.geonames.org/2267057/", "label": "Lissabon (stadsniveau)", "coordinate_source_id": "eur-geonames"}, "status": "researched", "tht": false, "kvk": null, "website": "https://digital.gov.pt/pt/noticias/ai4pa-polo-de-inovacao-digital-que-apoia-a-administracao-publica-e-as-pmes-na-transicao-para-a-ia", "relevance": "School voor informatiemanagement en datawetenschap; AI4PA-partner en mede-uitgever van opleidingscertificaten voor publieke innovatie. Opname bewijst geen digitale soevereiniteit of actuele leveranciersopdracht.", "govtech_basis": "School voor informatiemanagement en datawetenschap; AI4PA-partner en mede-uitgever van opleidingscertificaten voor publieke innovatie.", "staff": null, "checked": "2026-09-09", "ecosystem_scope": "europe", "entity_type": "organisational_unit"}}, {"type": "Feature", "geometry": {"type": "Point", "coordinates": [6.8777881, 52.22080698]}, "properties": {"id": "report-novel-t", "name": "Novel-T", "kind": "hub", "themes": ["Innovatie"], "description": "Opgenomen als initiatief in het PUBLIC-rapport uit 2021, pagina 86. Huidige naam, locatie en activiteiten zijn niet opnieuw geverifieerd.", "source_ids": ["public-2021"], "city": "Enschede", "location": {"city": "Enschede", "postcode": null, "number": null, "street": null, "precision": "city", "note": "Historische woonplaats, PUBLIC 2021 p. 86; geen actueel vestigingsadres.", "source_ids": ["public-2021", "pdok"], "lat": 52.22080698, "lon": 6.8777881, "label": "Enschede, Enschede, Overijssel", "query": "https://api.pdok.nl/bzk/locatieserver/search/v3_1/free?rows=20&q=Enschede&fq=type%3Awoonplaats", "provider": "PDOK", "id": "wpl-7e38cfd998799b64b8bea5e71d8a4a76", "country": "NL", "province": "Overijssel"}, "status": "historical", "tht": false, "kvk": null, "website": null, "staff": null, "checked": "2026-09-05", "relevance": "Vermelding is een verkenningskandidaat, geen bevestigde overheidsleverancier. Eigendom, hosting en inkoopgeschiktheid zijn niet beoordeeld.", "report_page": 86, "country": "NL", "province": "Overijssel"}}, {"type": "Feature", "geometry": {"type": "Point", "coordinates": [4.36310563, 51.99845672]}, "properties": {"id": "gts-688", "name": "Nowi", "kind": "company", "themes": ["Energie & leefomgeving", "Other", "IoT"], "description": "Nowi was a Delft-based Dutch semiconductor startup focused on reducing dependence on batteries for connected devices.", "source_ids": ["eu-companies"], "city": "Delft", "location": {"city": "Delft", "postcode": null, "number": null, "street": null, "precision": "city", "note": "Woonplaats uit EU-beschrijving; geen bevestigd kantooradres.", "source_ids": ["eu-companies", "pdok"], "lat": 51.99845672, "lon": 4.36310563, "label": "Delft, Delft, Zuid-Holland", "query": "https://api.pdok.nl/bzk/locatieserver/search/v3_1/free?rows=20&q=Delft&fq=type%3Awoonplaats", "provider": "PDOK", "id": "wpl-f91ebeb08f246f03b88604a8de071c2a", "country": "NL", "province": "Zuid-Holland"}, "status": "catalogue", "tht": false, "kvk": null, "website": "https://www.nowi-energy.com", "staff": "11-100 employees", "checked": "2026-09-05", "relevance": "Vermelding is een verkenningskandidaat, geen bevestigde overheidsleverancier. Eigendom, hosting en inkoopgeschiktheid zijn niet beoordeeld.", "coverage_countries": ["NL"], "catalogue_id": "GTS-688", "source_updated": "15/06/2026", "source_status": "Acquired ", "source_method": "Desk research", "description_language": "en", "kvk_candidates": [], "country": "NL", "province": "Zuid-Holland"}}, {"type": "Feature", "geometry": {"type": "Point", "coordinates": [23.72784, 37.98376]}, "properties": {"id": "gfoss", "name": "Open Technologies Alliance (GFOSS)", "kind": "hub", "country": "GR", "country_code": "GR", "country_name": "Griekenland", "city": "Athene", "location": {"city": "Athene", "country": "GR", "country_code": "GR", "precision": "city", "source_ids": ["gs2-gr-digigov-ec", "eur-geonames"], "lat": 37.98376, "lon": 23.72784, "postcode": null, "street": null, "number": null, "note": "Benaderd stadsreferentiepunt; geen individueel kantoor. Openbaar adres uit de EU-projectcatalogus; geen exclusieve hoofdzetel geclaimd.", "geonames_city": "Athens", "id": "geonames-264371", "provider": "GeoNames", "coordinate_source": "https://www.geonames.org/264371/", "label": "Athene (stadsniveau)", "coordinate_source_id": "eur-geonames"}, "description": "Open-technologienetwerk dat deelneemt aan het Griekse GovTech-consortium.", "source_ids": ["gs2-grnet-hub", "gs2-gr-digigov-ec"], "website": "https://en.eellak.gr/", "themes": ["Digitale overheid", "Innovatie", "Europese samenwerking"], "status": "researched", "checked": "2026-09-09", "ecosystem_scope": "europe", "tht": false, "kvk": null, "staff": null, "entity_type": "organisation", "relevance": "Geselecteerd op een concrete publieke innovatie- of digitaliseringsrol; zie relaties en brondata. Geen zelfstandige soevereiniteitsbeoordeling."}}, {"type": "Feature", "geometry": {"type": "Point", "coordinates": [5.36493833, 52.06557856]}, "properties": {"id": "opengemeenten", "name": "OpenGemeenten", "city": "Maarn", "kind": "company", "themes": ["Software", "Toegankelijkheid", "Open source"], "description": "Ontwerpt en beheert gemeentelijke websites op basis van TYPO3; publiceert ervaringen van onder andere Rhenen en Westland.", "source_ids": ["nl-opengemeenten", "nl-opengemeenten-cases"], "status": "researched", "tht": false, "kvk": null, "website": "https://www.opengemeenten.nl", "staff": null, "checked": "2026-09-09", "relevance": "Directe toepassing bij publieke dienstverlening, onderbouwd met primaire product- of klantbronnen. Eigendom, hostingketen en digitale soevereiniteit zijn niet als geheel beoordeeld.", "location": {"city": "Maarn", "postcode": null, "number": null, "street": null, "precision": "city", "note": "Woonplaatsreferentie van een publiek vermeld zakelijk kantoor; geen exact kantoorpunt. Eén vestiging per organisatie, geen volledig vestigingenregister.", "source_ids": ["nl-opengemeenten", "pdok"], "lat": 52.06557856, "lon": 5.36493833, "country": "NL", "label": "Maarn, Utrechtse Heuvelrug, Utrecht", "query": "https://api.pdok.nl/bzk/locatieserver/search/v3_1/free?rows=20&q=Maarn&fq=type%3Awoonplaats", "provider": "PDOK", "id": "wpl-3ab1345a90ff3ae00d29e95060a7f117", "province": "Utrecht"}, "country": "NL", "province": "Utrecht"}}, {"type": "Feature", "geometry": {"type": "Point", "coordinates": [13.41053, 52.52437]}, "properties": {"id": "pd-berater", "name": "PD – Berater der öffentlichen Hand", "kind": "support", "themes": ["Digitale overheid", "Innovatie", "Community"], "description": "Publieke adviesorganisatie; structurele partner van GovTech Deutschland voor digitalisering over bestuurslagen heen.", "source_ids": ["fg2-pd-partnership", "fg2-govtech-members", "fg2-f13-update-2025"], "city": "Berlijn", "country": "DE", "country_code": "DE", "country_name": "Duitsland", "location": {"city": "Berlijn", "country": "DE", "country_code": "DE", "precision": "city", "lat": 52.52437, "lon": 13.41053, "source_ids": ["fg2-pd-partnership", "eur-geonames"], "note": "Benaderd stadsreferentiepunt, geen individueel kantoor. ", "geonames_city": "Berlin", "id": "geonames-2950159", "provider": "GeoNames", "coordinate_source": "https://www.geonames.org/2950159/", "label": "Berlijn (stadsniveau)", "coordinate_source_id": "eur-geonames"}, "status": "researched", "tht": false, "kvk": null, "website": "https://www.pd-g.de/", "relevance": "Publieke adviesorganisatie; structurele partner van GovTech Deutschland voor digitalisering over bestuurslagen heen. ", "govtech_basis": "Concrete publieke digitale dienstverlening, incubatie of samenwerking beschreven in de gekoppelde primaire bron.", "staff": null, "checked": "2026-09-09", "ecosystem_scope": "europe", "entity_type": "organisation"}}, {"type": "Feature", "geometry": {"type": "Point", "coordinates": [4.90454379, 52.37344272]}, "properties": {"id": "gts-1144", "name": "Perpetual Next", "kind": "company", "themes": ["Energie & leefomgeving", "Other"], "description": "Perpetual Next is an Amsterdam-based climate technology company founded in 2019, focused on advancing circular-economy solutions and large-scale carbon removal through industrial innovation.", "source_ids": ["eu-companies"], "city": "Amsterdam", "location": {"city": "Amsterdam", "postcode": null, "number": null, "street": null, "precision": "city", "note": "Woonplaats uit EU-beschrijving; geen bevestigd kantooradres.", "source_ids": ["eu-companies", "pdok"], "lat": 52.37344272, "lon": 4.90454379, "label": "Amsterdam, Amsterdam, Noord-Holland", "query": "https://api.pdok.nl/bzk/locatieserver/search/v3_1/free?rows=20&q=Amsterdam&fq=type%3Awoonplaats", "provider": "PDOK", "id": "wpl-62fe60a4eea50b7c33ba3d9c39a21e6a", "country": "NL", "province": "Noord-Holland"}, "status": "catalogue", "tht": false, "kvk": null, "website": "https://perpetualnext.com/en/", "staff": "101-750 employees", "checked": "2026-09-05", "relevance": "Vermelding is een verkenningskandidaat, geen bevestigde overheidsleverancier. Eigendom, hosting en inkoopgeschiktheid zijn niet beoordeeld.", "coverage_countries": ["NL"], "catalogue_id": "GTS-1144", "source_updated": "21/04/2026", "source_status": "Active", "source_method": "Desk research", "description_language": "en", "kvk_candidates": [], "country": "NL", "province": "Noord-Holland"}}, {"type": "Feature", "geometry": {"type": "Point", "coordinates": [5.29571059, 51.70997488]}, "properties": {"id": "pinkroccade-lg", "name": "PinkRoccade Local Government", "city": "'s-Hertogenbosch", "kind": "company", "themes": ["Software", "Burgerzaken", "Gemeenten"], "description": "Ontwikkelt onder meer iBurgerzaken en OPENburgerzaken in co-creatie met gemeenten, plus oplossingen voor informatievoorziening en archivering.", "source_ids": ["nl-pink-address", "nl-pink-products"], "status": "researched", "tht": false, "kvk": null, "website": "https://www.pinkroccadelocalgovernment.nl", "staff": null, "checked": "2026-09-09", "relevance": "Directe toepassing bij publieke dienstverlening, onderbouwd met primaire product- of klantbronnen. Eigendom, hostingketen en digitale soevereiniteit zijn niet als geheel beoordeeld.", "location": {"city": "'s-Hertogenbosch", "postcode": null, "number": null, "street": null, "precision": "city", "note": "Woonplaatsreferentie van een publiek vermeld zakelijk kantoor; geen exact kantoorpunt. Eén vestiging per organisatie, geen volledig vestigingenregister.", "source_ids": ["nl-pink-address", "pdok"], "lat": 51.70997488, "lon": 5.29571059, "country": "NL", "label": "'s-Hertogenbosch, 's-Hertogenbosch, Noord-Brabant", "query": "https://api.pdok.nl/bzk/locatieserver/search/v3_1/free?rows=20&q=%27s-Hertogenbosch&fq=type%3Awoonplaats", "provider": "PDOK", "id": "wpl-1a16f127a652da6bfdf0cbf36971ec0d", "province": "Noord-Brabant"}, "country": "NL", "province": "Noord-Brabant"}}, {"type": "Feature", "geometry": {"type": "Point", "coordinates": [4.48653571, 51.92248806]}, "properties": {"id": "report-portxl", "name": "PortXL", "kind": "hub", "themes": ["Innovatie"], "description": "Opgenomen als initiatief in het PUBLIC-rapport uit 2021, pagina 87. Huidige naam, locatie en activiteiten zijn niet opnieuw geverifieerd.", "source_ids": ["public-2021"], "city": "Rotterdam", "location": {"city": "Rotterdam", "postcode": null, "number": null, "street": null, "precision": "city", "note": "Historische woonplaats, PUBLIC 2021 p. 87; geen actueel vestigingsadres.", "source_ids": ["public-2021", "pdok"], "lat": 51.92248806, "lon": 4.48653571, "label": "Rotterdam, Rotterdam, Zuid-Holland", "query": "https://api.pdok.nl/bzk/locatieserver/search/v3_1/free?rows=20&q=Rotterdam&fq=type%3Awoonplaats", "provider": "PDOK", "id": "wpl-055d1ceec024dcc35de9ffae9d18bd7b", "country": "NL", "province": "Zuid-Holland"}, "status": "historical", "tht": false, "kvk": null, "website": null, "staff": null, "checked": "2026-09-05", "relevance": "Vermelding is een verkenningskandidaat, geen bevestigde overheidsleverancier. Eigendom, hosting en inkoopgeschiktheid zijn niet beoordeeld.", "report_page": 87, "country": "NL", "province": "Zuid-Holland"}}, {"type": "Feature", "geometry": {"type": "Point", "coordinates": [4.29300083, 52.07207291]}, "properties": {"id": "privacy-company", "name": "Privacy Company", "kind": "company", "themes": ["Privacy", "DPIA", "Digitale overheid"], "description": "Privacy- en gegevensbeschermingsadviesbureau met Privacy Nexus; een officiële publicatie noemt een DPIA in opdracht van het Ministerie van Justitie en Veiligheid.", "source_ids": ["privacy-dpia-minjenv", "privacy-company-home"], "city": "Den Haag", "status": "researched", "tht": false, "kvk": "63080052", "website": "https://www.privacycompany.eu", "location": {"city": "Den Haag", "postcode": null, "number": null, "street": null, "precision": "city", "note": "City from the August 2025 KvK corporate snapshot; no private street address published.", "source_ids": ["kvk-2025", "privacy-dpia-minjenv", "privacy-company-home", "pdok"], "lat": 52.07207291, "lon": 4.29300083, "label": "'s-Gravenhage, 's-Gravenhage, Zuid-Holland", "query": "https://api.pdok.nl/bzk/locatieserver/search/v3_1/free?rows=20&q=%27s-Gravenhage&fq=type%3Awoonplaats", "provider": "PDOK", "id": "wpl-3597581be599a52df395ce19248ab9f5", "country": "NL", "province": "Zuid-Holland"}, "relevance": "Een genoemde overheidsopdracht voor onderzoek is onderbouwd; advieswerk impliceert geen softwareleveringscontract.", "staff": null, "checked": "2026-09-09", "country": "NL", "province": "Zuid-Holland"}}, {"type": "Feature", "geometry": {"type": "Point", "coordinates": [4.32470913, 52.06994473]}, "properties": {"id": "prospero", "name": "Prospero", "kind": "company", "themes": ["Software", "Planning"], "description": "Planningssoftware voor podia, studio's en evenementenruimtes; gebruikt door THT en Holland Park Media.", "source_ids": ["tht-prospero"], "city": "Den Haag", "status": "researched", "tht": true, "kvk": null, "website": null, "location": {"city": "Den Haag", "postcode": "2521CA", "number": 5, "street": "Waldorpstraat", "precision": "hub", "note": "Referentiepunt The Hague Tech, geen geverifieerd individueel kantoor. Communityvermelding kan historisch zijn.", "source_ids": ["tht-prospero", "tht-move", "pdok"], "lat": 52.06994473, "lon": 4.32470913, "label": "Waldorpstraat 5, 2521CA 's-Gravenhage", "query": "https://api.pdok.nl/bzk/locatieserver/search/v3_1/free?rows=20&q=Waldorpstraat&fq=type%3Aadres&fq=postcode%3A2521CA&fq=huisnummer%3A5", "provider": "PDOK", "id": "adr-2752a817fd31f5ea6a8430e39cf18ed4", "country": "NL", "province": "Zuid-Holland"}, "relevance": "Potentieel bruikbaar voor publieke cultuur- en evenementenlocaties. De aangetoonde klanten hier zijn geen overheid.", "staff": null, "checked": "2026-09-05", "country": "NL", "province": "Zuid-Holland"}}, {"type": "Feature", "geometry": {"type": "Point", "coordinates": [4.31707256, 52.0871042]}, "properties": {"id": "pzh", "name": "Provincie Zuid-Holland", "kind": "government", "themes": ["AI", "Mobiliteit"], "description": "Provinciale partner in innovatie en publieke dienstverlening, onder meer bij OneGov en Digicampus.", "source_ids": ["onegov", "digi-partners", "pzh-address"], "city": "Den Haag", "status": "researched", "tht": false, "kvk": null, "website": null, "location": {"city": "Den Haag", "postcode": "2596AW", "number": 1, "street": "Zuid-Hollandplein", "precision": "address", "note": "", "source_ids": ["pzh-address", "pdok"], "lat": 52.0871042, "lon": 4.31707256, "label": "Zuid-Hollandplein 1, 2596AW 's-Gravenhage", "query": "https://api.pdok.nl/bzk/locatieserver/search/v3_1/free?rows=20&q=Zuid-Hollandplein&fq=type%3Aadres&fq=postcode%3A2596AW&fq=huisnummer%3A1", "provider": "PDOK", "id": "adr-3121c2f0e646dcecb52af82e432abe81", "country": "NL", "province": "Zuid-Holland"}, "relevance": "Ecosysteemrol of mogelijke toepassing; geen inkoopadvies of bewijs van digitale soevereiniteit.", "staff": null, "checked": "2026-09-05", "country": "NL", "province": "Zuid-Holland"}}, {"type": "Feature", "geometry": {"type": "Point", "coordinates": [4.29300083, 52.07207291]}, "properties": {"id": "quintor", "name": "Quintor", "kind": "company", "themes": ["Software", "Architectuur", "Security"], "description": "Softwareontwikkeling voor complexe enterpriseprojecten; de officiële opdrachtgeverspagina noemt onder meer DUO en CJIB.", "source_ids": ["quintor-clients"], "city": "Den Haag", "status": "researched", "tht": false, "kvk": "02090135", "website": "https://quintor.nl", "location": {"city": "Den Haag", "postcode": null, "number": null, "street": null, "precision": "city", "note": "City from the August 2025 KvK corporate snapshot; no private street address published.", "source_ids": ["kvk-2025", "quintor-clients", "pdok"], "lat": 52.07207291, "lon": 4.29300083, "label": "'s-Gravenhage, 's-Gravenhage, Zuid-Holland", "query": "https://api.pdok.nl/bzk/locatieserver/search/v3_1/free?rows=20&q=%27s-Gravenhage&fq=type%3Awoonplaats", "provider": "PDOK", "id": "wpl-3597581be599a52df395ce19248ab9f5", "country": "NL", "province": "Zuid-Holland"}, "relevance": "Genoemde publieke en semipublieke klanten zijn onderbouwd; de actuele contractduur is niet vastgesteld.", "staff": null, "checked": "2026-09-09", "country": "NL", "province": "Zuid-Holland"}}, {"type": "Feature", "geometry": {"type": "Point", "coordinates": [5.09467157, 52.03081752]}, "properties": {"id": "quovadis-nl", "name": "QuoVadis Trustlink", "city": "Nieuwegein", "kind": "company", "themes": ["Identiteit", "eHerkenning", "Certificaten"], "description": "Nederlandse aanbieder van digitale certificaten; de eHerkenning-site noemt QuoVadis als erkende leverancier. Nederlandse vestiging betekent niet automatisch Nederlands eigendom.", "source_ids": ["nl-quovadis-address", "nl-eherkenning"], "status": "researched", "tht": false, "kvk": "30237459", "website": "https://www.quovadisglobal.com/nl", "staff": null, "checked": "2026-09-09", "relevance": "Directe toepassing bij publieke dienstverlening, onderbouwd met primaire product- of klantbronnen. Eigendom, hostingketen en digitale soevereiniteit zijn niet als geheel beoordeeld.", "location": {"city": "Nieuwegein", "postcode": null, "number": null, "street": null, "precision": "city", "note": "Woonplaatsreferentie van een publiek vermeld zakelijk kantoor; geen exact kantoorpunt. Eén vestiging per organisatie, geen volledig vestigingenregister.", "source_ids": ["nl-quovadis-address", "pdok"], "lat": 52.03081752, "lon": 5.09467157, "country": "NL", "label": "Nieuwegein, Nieuwegein, Utrecht", "query": "https://api.pdok.nl/bzk/locatieserver/search/v3_1/free?rows=20&q=Nieuwegein&fq=type%3Awoonplaats", "provider": "PDOK", "id": "wpl-b866fd7d005ed6a4c663528b8bb5cf02", "province": "Utrecht"}, "country": "NL", "province": "Utrecht"}}, {"type": "Feature", "geometry": {"type": "Point", "coordinates": [4.82520183, 52.4454116]}, "properties": {"id": "reconi", "name": "Reconi", "city": "Zaandam", "kind": "company", "themes": ["Identiteit", "eHerkenning"], "description": "Door eHerkenning erkende leverancier en genoemde makelaar; ondersteunt zakelijke toegang tot digitale overheidsdiensten.", "source_ids": ["nl-reconi-address", "nl-eherkenning"], "status": "researched", "tht": false, "kvk": null, "website": "https://www.reconi.nl", "staff": null, "checked": "2026-09-09", "relevance": "Directe toepassing bij publieke dienstverlening, onderbouwd met primaire product- of klantbronnen. Eigendom, hostingketen en digitale soevereiniteit zijn niet als geheel beoordeeld.", "location": {"city": "Zaandam", "postcode": null, "number": null, "street": null, "precision": "city", "note": "Woonplaatsreferentie van een publiek vermeld zakelijk kantoor; geen exact kantoorpunt. Eén vestiging per organisatie, geen volledig vestigingenregister.", "source_ids": ["nl-reconi-address", "pdok"], "lat": 52.4454116, "lon": 4.82520183, "country": "NL", "label": "Zaandam, Zaanstad, Noord-Holland", "query": "https://api.pdok.nl/bzk/locatieserver/search/v3_1/free?rows=20&q=Zaandam&fq=type%3Awoonplaats", "provider": "PDOK", "id": "wpl-a1f3fedf30aaee1d1136aa78b53ab2d5", "province": "Noord-Holland"}, "country": "NL", "province": "Noord-Holland"}}, {"type": "Feature", "geometry": {"type": "Point", "coordinates": [4.29300083, 52.07207291]}, "properties": {"id": "robin-radar-systems", "name": "Robin Radar Systems", "kind": "company", "themes": ["Veiligheid", "Radar", "Drones"], "description": "Radar- en detectiesystemen; de officiële klantpagina noemt ondersteuning van het Amerikaanse Department of Homeland Security.", "source_ids": ["robin-customers"], "city": "Den Haag", "status": "researched", "tht": false, "kvk": "27371517", "website": "https://www.robinradar.com", "location": {"city": "Den Haag", "postcode": null, "number": null, "street": null, "precision": "city", "note": "City from the August 2025 KvK corporate snapshot; no private street address published.", "source_ids": ["kvk-2025", "robin-customers", "pdok"], "lat": 52.07207291, "lon": 4.29300083, "label": "'s-Gravenhage, 's-Gravenhage, Zuid-Holland", "query": "https://api.pdok.nl/bzk/locatieserver/search/v3_1/free?rows=20&q=%27s-Gravenhage&fq=type%3Awoonplaats", "provider": "PDOK", "id": "wpl-3597581be599a52df395ce19248ab9f5", "country": "NL", "province": "Zuid-Holland"}, "relevance": "Een genoemde publieke klant is onderbouwd; toepasbaarheid voor de Nederlandse publieke sector en contractomvang zijn niet afgeleid.", "staff": null, "checked": "2026-09-09", "country": "NL", "province": "Zuid-Holland"}}, {"type": "Feature", "geometry": {"type": "Point", "coordinates": [6.11836361, 52.51868565]}, "properties": {"id": "roxit", "name": "Roxit", "city": "Zwolle", "kind": "company", "themes": ["Software", "Leefomgeving", "Gemeenten"], "description": "SaaS-producten voor onder andere fysieke leefomgeving, persoonsgegevens en communicatie. De eigen website richt zich expliciet op lokale overheden.", "source_ids": ["nl-roxit-address", "nl-roxit-products"], "status": "researched", "tht": false, "kvk": "05075639", "website": "https://roxit.nl", "staff": null, "checked": "2026-09-09", "relevance": "Directe toepassing bij publieke dienstverlening, onderbouwd met primaire product- of klantbronnen. Eigendom, hostingketen en digitale soevereiniteit zijn niet als geheel beoordeeld.", "location": {"city": "Zwolle", "postcode": null, "number": null, "street": null, "precision": "city", "note": "Woonplaatsreferentie van een publiek vermeld zakelijk kantoor; geen exact kantoorpunt. Eén vestiging per organisatie, geen volledig vestigingenregister.", "source_ids": ["nl-roxit-address", "pdok"], "lat": 52.51868565, "lon": 6.11836361, "country": "NL", "label": "Zwolle, Zwolle, Overijssel", "query": "https://api.pdok.nl/bzk/locatieserver/search/v3_1/free?rows=20&q=Zwolle&fq=type%3Awoonplaats", "provider": "PDOK", "id": "wpl-a8f4a8d4f99885875ce49612a732d2c2", "province": "Overijssel"}, "country": "NL", "province": "Overijssel"}}, {"type": "Feature", "geometry": {"type": "Point", "coordinates": [4.58013769, 51.934929]}, "properties": {"id": "shift2", "name": "Shift2", "city": "Capelle aan den IJssel", "kind": "company", "themes": ["Software", "Burgerzaken", "Toegankelijkheid"], "description": "Software voor gemeentewebsites, burgerzaken, verkiezingen, formulieren en klantcontact. Homepage beschrijft samenwerking met HTA Software voor Heemskerk. Ontstaan uit SIMgroep en Procura Software; sinds juni 2024 onder de naam Shift2.", "source_ids": ["nl-shift2", "nl-shift2-merger"], "status": "researched", "tht": false, "kvk": null, "website": "https://www.shift2.nl", "staff": null, "checked": "2026-09-09", "relevance": "Directe toepassing bij publieke dienstverlening, onderbouwd met primaire product- of klantbronnen. Eigendom, hostingketen en digitale soevereiniteit zijn niet als geheel beoordeeld.", "location": {"city": "Capelle aan den IJssel", "postcode": null, "number": null, "street": null, "precision": "city", "note": "Woonplaatsreferentie van een publiek vermeld zakelijk kantoor; geen exact kantoorpunt. Eén vestiging per organisatie, geen volledig vestigingenregister.", "source_ids": ["nl-shift2", "pdok"], "lat": 51.934929, "lon": 4.58013769, "country": "NL", "label": "Capelle aan den IJssel, Capelle aan den IJssel, Zuid-Holland", "query": "https://api.pdok.nl/bzk/locatieserver/search/v3_1/free?rows=20&q=Capelle+aan+den+IJssel&fq=type%3Awoonplaats", "provider": "PDOK", "id": "wpl-bb65302557a2c14971385f7a5d5a1aaa", "province": "Zuid-Holland"}, "country": "NL", "aliases": ["SIMgroep", "Procura Software"], "province": "Zuid-Holland"}}, {"type": "Feature", "geometry": {"type": "Point", "coordinates": [4.48653571, 51.92248806]}, "properties": {"id": "signicat-nl", "name": "Signicat Nederland / We-ID", "city": "Rotterdam", "kind": "company", "themes": ["Identiteit", "eHerkenning", "Interoperabiliteit"], "description": "Nederlandse Signicat-vestiging en We-ID delen KvK 24444001. Signicat is eHerkenning-makelaar, We-ID een erkende leverancier. Het internationale hoofdkantoor is in Trondheim.", "source_ids": ["nl-signicat-address", "nl-signicat-identity", "nl-we-id-identity", "nl-eherkenning"], "status": "researched", "tht": false, "kvk": "24444001", "website": "https://www.signicat.com", "staff": null, "checked": "2026-09-09", "relevance": "Directe toepassing bij publieke dienstverlening, onderbouwd met primaire product- of klantbronnen. Eigendom, hostingketen en digitale soevereiniteit zijn niet als geheel beoordeeld.", "location": {"city": "Rotterdam", "postcode": null, "number": null, "street": null, "precision": "city", "note": "Rotterdam is een gedocumenteerd Nederlands kantoor; internationaal hoofdkantoor in Trondheim. We-ID-postbus Lelystad niet als kantoorlocatie gebruikt.", "source_ids": ["nl-signicat-address", "pdok"], "lat": 51.92248806, "lon": 4.48653571, "country": "NL", "label": "Rotterdam, Rotterdam, Zuid-Holland", "query": "https://api.pdok.nl/bzk/locatieserver/search/v3_1/free?rows=20&q=Rotterdam&fq=type%3Awoonplaats", "provider": "PDOK", "id": "wpl-055d1ceec024dcc35de9ffae9d18bd7b", "province": "Zuid-Holland"}, "country": "NL", "province": "Zuid-Holland"}}, {"type": "Feature", "geometry": {"type": "Point", "coordinates": [23.83333, 38.01667]}, "properties": {"id": "smart-attica", "name": "Smart Attica EDIH", "kind": "hub", "country": "GR", "country_code": "GR", "country_name": "Griekenland", "city": "Agia Paraskevi", "location": {"city": "Agia Paraskevi", "country": "GR", "country_code": "GR", "precision": "city", "source_ids": ["gs2-smartattica-ec", "eur-geonames"], "lat": 38.01667, "lon": 23.83333, "postcode": null, "street": null, "number": null, "note": "Benaderd stadsreferentiepunt; geen individueel kantoor. Stad van coördinator Demokritos.", "geonames_city": "Agia Paraskevi", "id": "geonames-264194", "provider": "GeoNames", "coordinate_source": "https://www.geonames.org/264194/", "label": "Agia Paraskevi (stadsniveau)", "coordinate_source_id": "eur-geonames"}, "description": "Nationale AI-innovatiehub die ook lokale overheden ondersteunt, met zeventien partners volgens de EU-catalogus.", "source_ids": ["gs2-smartattica-ec", "gs2-smartattica-facilities"], "website": "https://smartattica.eu/", "themes": ["Digitale overheid", "Innovatie", "Europese samenwerking"], "status": "researched", "checked": "2026-09-09", "ecosystem_scope": "europe", "tht": false, "kvk": null, "staff": null, "entity_type": "programme", "relevance": "Geselecteerd op een concrete publieke innovatie- of digitaliseringsrol; zie relaties en brondata. Geen zelfstandige soevereiniteitsbeoordeling."}}, {"type": "Feature", "geometry": {"type": "Point", "coordinates": [4.4742017, 51.92334649]}, "properties": {"id": "gts-1050", "name": "Sobolt", "kind": "company", "themes": ["Energie & leefomgeving"], "description": "​Sobolt is a Rotterdam-based company specializing in artificial intelligence (AI) solutions aimed at accelerating sustainability efforts.", "source_ids": ["eu-companies", "kvk-2025"], "city": "Rotterdam", "location": {"city": "Rotterdam", "postcode": "3012NJ", "number": null, "street": null, "precision": "postcode", "note": "Exacte naam en websitedomein komen overeen met KvK. Postcode uit augustus 2025; geen kantoorcontrole.", "source_ids": ["kvk-2025", "pdok"], "lat": 51.92334649, "lon": 4.4742017, "label": "Weena, 3012NJ Rotterdam", "query": "https://api.pdok.nl/bzk/locatieserver/search/v3_1/free?rows=20&q=3012NJ&fq=type%3Apostcode&fq=postcode%3A3012NJ", "provider": "PDOK", "id": "pcd-8c61c41fd955dd27d16720863adcfbe7", "country": "NL", "province": "Zuid-Holland"}, "status": "catalogue", "tht": false, "kvk": "67363571", "website": "https://www.sobolt.com/nl/", "staff": null, "checked": "2026-09-05", "relevance": "Vermelding is een verkenningskandidaat, geen bevestigde overheidsleverancier. Eigendom, hosting en inkoopgeschiktheid zijn niet beoordeeld.", "coverage_countries": ["NL"], "catalogue_id": "GTS-1050", "source_updated": "30/04/2025", "source_status": "Active", "source_method": "Desk research", "description_language": "en", "kvk_candidates": [{"name": "Sobolt B.V.", "kvk_number": "67363571", "city": "Rotterdam", "postcode": "3012 NJ", "website": "www.sobolt.com"}], "country": "NL", "province": "Zuid-Holland"}}, {"type": "Feature", "geometry": {"type": "Point", "coordinates": [4.58013769, 51.934929]}, "properties": {"id": "sogeti", "name": "Sogeti", "kind": "company", "themes": ["Software", "Cloud", "Digitale overheid"], "description": "IT-dienstverlener; de officiële release beschrijft een getekende vierjarige opdracht voor een digitale werkplekomgeving bij Gemeente Leeuwarden.", "source_ids": ["sogeti-leeuwarden"], "city": "Capelle aan den IJssel", "status": "researched", "tht": false, "kvk": "30200252", "website": "https://www.sogeti.nl", "location": {"city": "Capelle aan den IJssel", "postcode": null, "number": null, "street": null, "precision": "city", "note": "City from the August 2025 KvK corporate snapshot; no private street address published.", "source_ids": ["kvk-2025", "sogeti-leeuwarden", "pdok"], "lat": 51.934929, "lon": 4.58013769, "label": "Capelle aan den IJssel, Capelle aan den IJssel, Zuid-Holland", "query": "https://api.pdok.nl/bzk/locatieserver/search/v3_1/free?rows=20&q=Capelle+aan+den+IJssel&fq=type%3Awoonplaats", "provider": "PDOK", "id": "wpl-bb65302557a2c14971385f7a5d5a1aaa", "country": "NL", "province": "Zuid-Holland"}, "relevance": "De genoemde gemeentelijke aanbestedingsrelatie is onderbouwd; de KVK-stad is een momentopname van de rechtspersoon.", "staff": null, "checked": "2026-09-09", "country": "NL", "province": "Zuid-Holland"}}, {"type": "Feature", "geometry": {"type": "Point", "coordinates": [4.32470913, 52.06994473]}, "properties": {"id": "solarmonkey", "name": "Solar Monkey", "kind": "company", "themes": ["Energie", "Software"], "description": "Softwarebedrijf in de zonne-energiesector, genoemd als communitylid en betrokken bij Party4Planet.", "source_ids": ["tht-move", "tht-party"], "city": "Den Haag", "status": "researched", "tht": true, "kvk": "64301400", "website": null, "location": {"city": "Den Haag", "postcode": "2521CA", "number": 5, "street": "Waldorpstraat", "precision": "hub", "note": "Referentiepunt The Hague Tech, geen geverifieerd individueel kantoor. Communityvermelding kan historisch zijn.", "source_ids": ["tht-move", "pdok"], "lat": 52.06994473, "lon": 4.32470913, "label": "Waldorpstraat 5, 2521CA 's-Gravenhage", "query": "https://api.pdok.nl/bzk/locatieserver/search/v3_1/free?rows=20&q=Waldorpstraat&fq=type%3Aadres&fq=postcode%3A2521CA&fq=huisnummer%3A5", "provider": "PDOK", "id": "adr-2752a817fd31f5ea6a8430e39cf18ed4", "country": "NL", "province": "Zuid-Holland"}, "relevance": "Ecosysteemrol of mogelijke toepassing; geen inkoopadvies of bewijs van digitale soevereiniteit.", "staff": null, "checked": "2026-09-05", "country": "NL", "province": "Zuid-Holland"}}, {"type": "Feature", "geometry": {"type": "Point", "coordinates": [5.38941304, 52.16815655]}, "properties": {"id": "solvinity", "name": "Solvinity", "city": "Amersfoort", "kind": "company", "themes": ["Cloud", "Cybersecurity", "Digitale overheid"], "description": "Levert en beheert het infrastructuurplatform voor DigiD volgens afspraken met Logius. DigiD bevestigt een contract tot augustus 2028 en ondertekening van de verlenging in mei 2026.", "source_ids": ["nl-solvinity-address", "nl-solvinity-logius"], "status": "researched", "tht": false, "kvk": "59597291", "website": "https://www.solvinity.com", "staff": null, "checked": "2026-09-09", "relevance": "Kritieke publieke digitale infrastructuur. Logius bepaalt de regels. De DigiD-update van 11 juni 2026 meldt dat de voorgenomen Kyndryl-overname niet mag doorgaan; dit is geen algemene certificering van soevereiniteit.", "location": {"city": "Amersfoort", "postcode": null, "number": null, "street": null, "precision": "city", "note": "Woonplaatsreferentie van een publiek vermeld zakelijk kantoor; geen exact kantoorpunt. Eén vestiging per organisatie, geen volledig vestigingenregister.", "source_ids": ["nl-solvinity-address", "pdok"], "lat": 52.16815655, "lon": 5.38941304, "country": "NL", "label": "Amersfoort, Amersfoort, Utrecht", "query": "https://api.pdok.nl/bzk/locatieserver/search/v3_1/free?rows=20&q=Amersfoort&fq=type%3Awoonplaats", "provider": "PDOK", "id": "wpl-f31266cefb205e1ce873f4dc2c68315d", "province": "Utrecht"}, "country": "NL", "province": "Utrecht"}}, {"type": "Feature", "geometry": {"type": "Point", "coordinates": [-2.92528, 43.26271]}, "properties": {"id": "spri", "name": "SPRI – Basque Business Development Agency", "kind": "government", "country": "ES", "country_code": "ES", "country_name": "Spanje", "themes": ["Digitale overheid", "Innovatie"], "description": "Baskische ontwikkelingsorganisatie die via BIND GovTech publieke innovatievragen koppelt aan technologie-startups.", "source_ids": ["ib2-bind", "ib2-bind-faq"], "city": "Bilbao", "location": {"city": "Bilbao", "country": "ES", "country_code": "ES", "precision": "city", "lat": 43.26271, "lon": -2.92528, "source_ids": ["ib2-bind", "eur-geonames"], "note": "Benaderd stadsreferentiepunt; geen individueel kantoor. ", "geonames_city": "Bilbao", "id": "geonames-3128026", "provider": "GeoNames", "coordinate_source": "https://www.geonames.org/3128026/", "label": "Bilbao (stadsniveau)", "coordinate_source_id": "eur-geonames"}, "status": "researched", "tht": false, "kvk": null, "website": "https://www.spri.eus/es/blog/emprendimiento/el-gobierno-vasco-conecta-startups-innovadoras-con-siete-sociedades-publicas-vascas-en-la-iniciativa-bind-govtech/", "relevance": "Baskische ontwikkelingsorganisatie die via BIND GovTech publieke innovatievragen koppelt aan technologie-startups. Opname bewijst geen digitale soevereiniteit of actuele leveranciersopdracht.", "govtech_basis": "Baskische ontwikkelingsorganisatie die via BIND GovTech publieke innovatievragen koppelt aan technologie-startups.", "staff": null, "checked": "2026-09-09", "ecosystem_scope": "europe", "entity_type": "organisation"}}, {"type": "Feature", "geometry": {"type": "Point", "coordinates": [4.3148917, 52.08797204]}, "properties": {"id": "sscict", "name": "SSC-ICT", "kind": "government", "themes": ["AI", "Cloud", "Digitale overheid"], "description": "Rijksdienst voor ICT. Noemt UbiOps als partner en publiceerde een aankondiging voor AI-orkestratie.", "source_ids": ["ubi-tender", "ubi-ssc"], "city": "Den Haag", "status": "researched", "tht": false, "kvk": null, "website": null, "location": {"city": "Den Haag", "postcode": "2596AA", "number": 4, "street": "Koningskade", "precision": "postal", "note": "Postadres van de aanbestedende organisatie in de aankondiging; niet noodzakelijk de uitvoeringslocatie.", "source_ids": ["ubi-tender", "pdok"], "lat": 52.08797204, "lon": 4.3148917, "label": "Koningskade 4, 2596AA 's-Gravenhage", "query": "https://api.pdok.nl/bzk/locatieserver/search/v3_1/free?rows=20&q=Koningskade&fq=type%3Aadres&fq=postcode%3A2596AA&fq=huisnummer%3A4", "provider": "PDOK", "id": "adr-39b1ace6d3ec88e7ee0b5353f99406fa", "country": "NL", "province": "Zuid-Holland"}, "relevance": "Ecosysteemrol of mogelijke toepassing; geen inkoopadvies of bewijs van digitale soevereiniteit.", "staff": null, "checked": "2026-09-05", "country": "NL", "province": "Zuid-Holland"}}, {"type": "Feature", "geometry": {"type": "Point", "coordinates": [9.21509, 49.24067]}, "properties": {"id": "stackit", "name": "STACKIT / Schwarz Digits Cloud", "kind": "company", "themes": ["Digitale overheid", "Cloud", "AI"], "description": "Cloudtechnologie van Schwarz Digits; genoemd als cloudpartner in de landelijke F13-aankondiging van juli 2024.", "source_ids": ["fg2-f13", "fg2-govtech-members", "fg2-stackit-address", "fg2-f13-update-2025"], "city": "Bad Friedrichshall", "country": "DE", "country_code": "DE", "country_name": "Duitsland", "location": {"city": "Bad Friedrichshall", "country": "DE", "country_code": "DE", "precision": "city", "lat": 49.24067, "lon": 9.21509, "source_ids": ["fg2-stackit-address", "eur-geonames-de"], "note": "Benaderd gemeentelijk referentiepunt van Bad Friedrichshall; geen individueel kantoor. Actueel officieel imprint bevestigt deze gemeente; GeoNames ADM4 wordt expliciet als gemeente gebruikt.", "geonames_id": 2953457, "id": "geonames-2953457", "provider": "GeoNames", "coordinate_source": "https://www.geonames.org/2953457/", "label": "Bad Friedrichshall (stadsniveau)", "coordinate_source_id": "eur-geonames-de"}, "status": "researched", "tht": false, "kvk": null, "website": "https://stackit.com/", "relevance": "Cloudtechnologie van Schwarz Digits; genoemd als cloudpartner in de landelijke F13-aankondiging van juli 2024. De huidige volledige F13-versie van Baden-Württemberg draait volgens bericht juli 2025 bij BITBW; STACKIT is niet als huidige F13-host aangemerkt.", "govtech_basis": "Concrete publieke digitale dienstverlening, incubatie of samenwerking beschreven in de gekoppelde primaire bron.", "staff": null, "checked": "2026-09-09", "ecosystem_scope": "europe", "entity_type": "organisation"}}, {"type": "Feature", "geometry": {"type": "Point", "coordinates": [5.66351011, 51.97347594]}, "properties": {"id": "report-startlife", "name": "StartLife", "kind": "hub", "themes": ["Innovatie"], "description": "Opgenomen als initiatief in het PUBLIC-rapport uit 2021, pagina 87. Huidige naam, locatie en activiteiten zijn niet opnieuw geverifieerd.", "source_ids": ["public-2021"], "city": "Wageningen", "location": {"city": "Wageningen", "postcode": null, "number": null, "street": null, "precision": "city", "note": "Historische woonplaats, PUBLIC 2021 p. 87; geen actueel vestigingsadres.", "source_ids": ["public-2021", "pdok"], "lat": 51.97347594, "lon": 5.66351011, "label": "Wageningen, Wageningen, Gelderland", "query": "https://api.pdok.nl/bzk/locatieserver/search/v3_1/free?rows=20&q=Wageningen&fq=type%3Awoonplaats", "provider": "PDOK", "id": "wpl-7551ddd59a5724c8e1e267b63a8b89d6", "country": "NL", "province": "Gelderland"}, "status": "historical", "tht": false, "kvk": null, "website": null, "staff": null, "checked": "2026-09-05", "relevance": "Vermelding is een verkenningskandidaat, geen bevestigde overheidsleverancier. Eigendom, hosting en inkoopgeschiktheid zijn niet beoordeeld.", "report_page": 87, "country": "NL", "province": "Gelderland"}}, {"type": "Feature", "geometry": {"type": "Point", "coordinates": [4.90454379, 52.37344272]}, "properties": {"id": "gt-57", "name": "Startup in Residence", "kind": "support", "themes": ["Innovatie"], "description": "Startup in Residence is an innovation programme that connects startups and scale-ups with public sector organisations to develop solutions for urban and societal challenges.", "source_ids": ["eu-initiatives"], "city": "Amsterdam", "location": {"city": "Amsterdam", "postcode": null, "number": null, "street": null, "precision": "city", "note": "Stadreferentie uit broncontext, geen kantooradres. Onbetrouwbare atlascoordinaten zijn niet overgenomen.", "source_ids": ["eu-initiatives", "pdok"], "lat": 52.37344272, "lon": 4.90454379, "label": "Amsterdam, Amsterdam, Noord-Holland", "query": "https://api.pdok.nl/bzk/locatieserver/search/v3_1/free?rows=20&q=Amsterdam&fq=type%3Awoonplaats", "provider": "PDOK", "id": "wpl-62fe60a4eea50b7c33ba3d9c39a21e6a", "country": "NL", "province": "Noord-Holland"}, "status": "catalogue", "tht": false, "kvk": null, "website": "https://startupinresidence.com/", "staff": null, "checked": "2026-09-05", "relevance": "Vermelding is een verkenningskandidaat, geen bevestigde overheidsleverancier. Eigendom, hosting en inkoopgeschiktheid zijn niet beoordeeld.", "catalogue_id": "GT-57", "description_language": "en", "country": "NL", "province": "Noord-Holland"}}, {"type": "Feature", "geometry": {"type": "Point", "coordinates": [13.50357, 59.3793]}, "properties": {"id": "compare", "name": "Stiftelsen Compare", "kind": "hub", "country": "SE", "country_code": "SE", "country_name": "Zweden", "city": "Karlstad", "location": {"city": "Karlstad", "country": "SE", "country_code": "SE", "precision": "city", "source_ids": ["gs2-compare-contact", "eur-geonames"], "lat": 59.3793, "lon": 13.50357, "postcode": null, "street": null, "number": null, "note": "Benaderd stadsreferentiepunt; geen individueel kantoor. ", "geonames_city": "Karlstad", "id": "geonames-2701680", "provider": "GeoNames", "coordinate_source": "https://www.geonames.org/2701680/", "label": "Karlstad (stadsniveau)", "coordinate_source_id": "eur-geonames"}, "description": "Innovatiestichting die DigitalWell Arena draagt en deelneemt aan SustainGov.", "source_ids": ["gs2-digitalwell-about", "gs2-sustaingov-about", "gs2-compare-contact", "gs2-sustaingov-partners-current"], "website": "https://compare.se/", "themes": ["Digitale overheid", "Innovatie", "Europese samenwerking"], "status": "researched", "checked": "2026-09-09", "ecosystem_scope": "europe", "tht": false, "kvk": null, "staff": null, "entity_type": "organisation", "relevance": "Geselecteerd op een concrete publieke innovatie- of digitaliseringsrol; zie relaties en brondata. Geen zelfstandige soevereiniteitsbeoordeling."}}, {"type": "Feature", "geometry": {"type": "Point", "coordinates": [11.57549, 48.13743]}, "properties": {"id": "summ-ai", "name": "SUMM AI", "kind": "company", "themes": ["Digitale overheid", "AI", "Toegankelijkheid"], "description": "AI-software voor begrijpelijke overheidstaal en procesmodellering; voerde een taalpilot uit via GovTecHH.", "source_ids": ["fg2-govtechh-summ", "fg2-govtech-members", "fg2-summ-address"], "city": "München", "country": "DE", "country_code": "DE", "country_name": "Duitsland", "location": {"city": "München", "country": "DE", "country_code": "DE", "precision": "city", "lat": 48.13743, "lon": 11.57549, "source_ids": ["fg2-summ-address", "eur-geonames"], "note": "Benaderd stadsreferentiepunt, geen individueel kantoor. ", "geonames_city": "Munich", "id": "geonames-2867714", "provider": "GeoNames", "coordinate_source": "https://www.geonames.org/2867714/", "label": "München (stadsniveau)", "coordinate_source_id": "eur-geonames"}, "status": "researched", "tht": false, "kvk": null, "website": "https://summ-ai.com/", "relevance": "AI-software voor begrijpelijke overheidstaal en procesmodellering; voerde een taalpilot uit via GovTecHH. ", "govtech_basis": "Concrete publieke digitale dienstverlening, incubatie of samenwerking beschreven in de gekoppelde primaire bron.", "staff": null, "checked": "2026-09-09", "ecosystem_scope": "europe", "entity_type": "organisation"}}, {"type": "Feature", "geometry": {"type": "Point", "coordinates": [17.3063, 62.39129]}, "properties": {"id": "sustaingov", "name": "SustainGov", "kind": "hub", "country": "SE", "country_code": "SE", "country_name": "Zweden", "city": "Sundsvall", "location": {"city": "Sundsvall", "country": "SE", "country_code": "SE", "precision": "city", "source_ids": ["gs2-sustaingov-about", "gs2-miun-contact", "eur-geonames"], "lat": 62.39129, "lon": 17.3063, "postcode": null, "street": null, "number": null, "note": "Benaderd stadsreferentiepunt; geen individueel kantoor. Stadsreferentie van coördinator Mittuniversitetet; geen eigen kantoor vastgesteld.", "geonames_city": "Sundsvall", "id": "geonames-2670781", "provider": "GeoNames", "coordinate_source": "https://www.geonames.org/2670781/", "label": "Sundsvall (stadsniveau)", "coordinate_source_id": "eur-geonames"}, "description": "Nationaal programma voor vernieuwing van de publieke sector binnen Impact Innovation.", "source_ids": ["gs2-sustaingov-about", "gs2-sustaingov-funding", "gs2-bron-sustaingov", "gs2-sustaingov-partners-current"], "website": "https://www.sustaingov.se/", "themes": ["Digitale overheid", "Innovatie", "Europese samenwerking"], "status": "researched", "checked": "2026-09-09", "ecosystem_scope": "europe", "tht": false, "kvk": null, "staff": null, "entity_type": "programme", "relevance": "Geselecteerd op een concrete publieke innovatie- of digitaliseringsrol; zie relaties en brondata. Geen zelfstandige soevereiniteitsbeoordeling."}}, {"type": "Feature", "geometry": {"type": "Point", "coordinates": [18.06871, 59.32938]}, "properties": {"id": "skr", "name": "Sveriges Kommuner och Regioner (SKR)", "kind": "support", "country": "SE", "country_code": "SE", "country_name": "Zweden", "city": "Stockholm", "location": {"city": "Stockholm", "country": "SE", "country_code": "SE", "precision": "city", "source_ids": ["gs2-skr-contact", "eur-geonames"], "lat": 59.32938, "lon": 18.06871, "postcode": null, "street": null, "number": null, "note": "Benaderd stadsreferentiepunt; geen individueel kantoor. ", "geonames_city": "Stockholm", "id": "geonames-2673730", "provider": "GeoNames", "coordinate_source": "https://www.geonames.org/2673730/", "label": "Stockholm (stadsniveau)", "coordinate_source_id": "eur-geonames"}, "description": "Landelijk gemeentelijk en regionaal samenwerkingsverband; partner in SustainGov.", "source_ids": ["gs2-skr-contact", "gs2-sustaingov-about", "gs2-sustaingov-partners-current"], "website": "https://skr.se/", "themes": ["Digitale overheid", "Innovatie", "Europese samenwerking"], "status": "researched", "checked": "2026-09-09", "ecosystem_scope": "europe", "tht": false, "kvk": null, "staff": null, "entity_type": "organisation", "relevance": "Geselecteerd op een concrete publieke innovatie- of digitaliseringsrol; zie relaties en brondata. Geen zelfstandige soevereiniteitsbeoordeling."}}, {"type": "Feature", "geometry": {"type": "Point", "coordinates": [4.90454379, 52.37344272]}, "properties": {"id": "gt-59", "name": "TechLeap", "kind": "support", "themes": ["Innovatie"], "description": "Techleap is a Dutch non‑profit organisation and national initiative dedicated to strengthening and accelerating the technology ecosystem in the Netherlands.", "source_ids": ["eu-initiatives"], "city": "Amsterdam", "location": {"city": "Amsterdam", "postcode": null, "number": null, "street": null, "precision": "city", "note": "Stadreferentie uit broncontext, geen kantooradres. Onbetrouwbare atlascoordinaten zijn niet overgenomen.", "source_ids": ["eu-initiatives", "pdok"], "lat": 52.37344272, "lon": 4.90454379, "label": "Amsterdam, Amsterdam, Noord-Holland", "query": "https://api.pdok.nl/bzk/locatieserver/search/v3_1/free?rows=20&q=Amsterdam&fq=type%3Awoonplaats", "provider": "PDOK", "id": "wpl-62fe60a4eea50b7c33ba3d9c39a21e6a", "country": "NL", "province": "Noord-Holland"}, "status": "catalogue", "tht": false, "kvk": null, "website": "https://techleap.nl/", "staff": null, "checked": "2026-09-05", "relevance": "Vermelding is een verkenningskandidaat, geen bevestigde overheidsleverancier. Eigendom, hosting en inkoopgeschiktheid zijn niet beoordeeld.", "catalogue_id": "GT-59", "description_language": "en", "country": "NL", "province": "Noord-Holland"}}, {"type": "Feature", "geometry": {"type": "Point", "coordinates": [4.32470913, 52.06994473]}, "properties": {"id": "tht", "name": "The Hague Tech", "kind": "hub", "themes": ["Community", "Innovatie"], "description": "Werkplek en ontmoetingsplek waar techbedrijven, publieke organisaties en kennispartners elkaar vinden.", "source_ids": ["tht-move", "onegov"], "city": "Den Haag", "status": "researched", "tht": true, "kvk": null, "website": "https://www.thehaguetech.com", "location": {"city": "Den Haag", "postcode": "2521CA", "number": 5, "street": "Waldorpstraat", "precision": "address", "note": "", "source_ids": ["tht-move", "onegov", "pdok"], "lat": 52.06994473, "lon": 4.32470913, "label": "Waldorpstraat 5, 2521CA 's-Gravenhage", "query": "https://api.pdok.nl/bzk/locatieserver/search/v3_1/free?rows=20&q=Waldorpstraat&fq=type%3Aadres&fq=postcode%3A2521CA&fq=huisnummer%3A5", "provider": "PDOK", "id": "adr-2752a817fd31f5ea6a8430e39cf18ed4", "country": "NL", "province": "Zuid-Holland"}, "relevance": "Ecosysteemrol of mogelijke toepassing; geen inkoopadvies of bewijs van digitale soevereiniteit.", "staff": null, "checked": "2026-09-05", "country": "NL", "province": "Zuid-Holland"}}, {"type": "Feature", "geometry": {"type": "Point", "coordinates": [4.34878, 50.85045]}, "properties": {"id": "lisbon-council", "name": "The Lisbon Council", "kind": "support", "themes": ["Community", "Digitale overheid", "Europese samenwerking"], "description": "Brusselse coördinator van het GovTech4All-consortium.", "source_ids": ["eur-govtech4all", "eur-lisbon-address"], "city": "Brussel", "country": "BE", "country_code": "BE", "location": {"city": "Brussel", "country": "BE", "country_code": "BE", "postcode": null, "street": null, "number": null, "precision": "city", "note": "Benaderd stadsreferentiepunt, geen individueel kantoor. ", "source_ids": ["eur-lisbon-address", "eur-geonames"], "lat": 50.85045, "lon": 4.34878, "label": "Brussel (stadsniveau)", "provider": "GeoNames", "coordinate_source": "https://www.geonames.org/2800866/", "coordinate_source_id": "eur-geonames", "id": "geonames-2800866", "country_name": "België"}, "status": "researched", "tht": false, "kvk": null, "website": "https://lisboncouncil.net/", "relevance": "Onderbouwde Europese ecosysteemrol. Geen bewijs van leverancierscontracten of digitale soevereiniteit.", "staff": null, "checked": "2026-09-09", "ecosystem_scope": "europe", "country_name": "België"}}, {"type": "Feature", "geometry": {"type": "Point", "coordinates": [4.36310563, 51.99845672]}, "properties": {"id": "tudelft", "name": "TU Delft", "kind": "knowledge", "themes": ["Onderzoek", "Digitale overheid"], "description": "Kennispartner van Digicampus en partner in onderzoek naar publieke digitale dienstverlening.", "source_ids": ["digi-partners"], "city": "Delft", "status": "researched", "tht": false, "kvk": null, "website": null, "location": {"city": "Delft", "postcode": null, "number": null, "street": null, "precision": "city", "note": "Woonplaatsreferentie, geen individueel universiteitsgebouw.", "source_ids": ["digi-partners", "pdok"], "lat": 51.99845672, "lon": 4.36310563, "label": "Delft, Delft, Zuid-Holland", "query": "https://api.pdok.nl/bzk/locatieserver/search/v3_1/free?rows=20&q=Delft&fq=type%3Awoonplaats", "provider": "PDOK", "id": "wpl-f91ebeb08f246f03b88604a8de071c2a", "country": "NL", "province": "Zuid-Holland"}, "relevance": "Ecosysteemrol of mogelijke toepassing; geen inkoopadvies of bewijs van digitale soevereiniteit.", "staff": null, "checked": "2026-09-05", "country": "NL", "province": "Zuid-Holland"}}, {"type": "Feature", "geometry": {"type": "Point", "coordinates": [4.34130102, 52.07903126]}, "properties": {"id": "ubiops", "name": "UbiOps", "kind": "company", "themes": ["AI", "Cloud", "On-premise"], "description": "Platform voor het uitrollen en beheren van AI-modellen. Gepubliceerde relaties met NCSC en SSC-ICT.", "source_ids": ["ubi-ncsc", "ubi-tender", "tht-move"], "city": "Den Haag", "status": "researched", "tht": true, "kvk": "66849381", "website": "https://ubiops.com", "location": {"city": "Den Haag", "postcode": "2595AN", "number": 104, "street": "Wilhelmina van Pruisenweg", "precision": "address_snapshot", "note": "Adres Dutch Analytics B.V. in TenderNed, oktober 2025; geen actuele kantoorcontrole.", "source_ids": ["ubi-tender", "pdok"], "lat": 52.07903126, "lon": 4.34130102, "label": "Wilhelmina van Pruisenweg 104, 2595AN 's-Gravenhage", "query": "https://api.pdok.nl/bzk/locatieserver/search/v3_1/free?rows=20&q=Wilhelmina+van+Pruisenweg&fq=type%3Aadres&fq=postcode%3A2595AN&fq=huisnummer%3A104", "provider": "PDOK", "id": "adr-ee4d22e94d4031213541f0e0c255bbd2", "country": "NL", "province": "Zuid-Holland"}, "relevance": "Afgeschermde AI-infrastructuur in publieke organisaties. On-premise inzet is aangetoond; eigendom, subverwerkers en exitvoorwaarden vragen aparte toetsing.", "staff": null, "checked": "2026-09-05", "country": "NL", "province": "Zuid-Holland"}}, {"type": "Feature", "geometry": {"type": "Point", "coordinates": [-8.42311, 41.5514]}, "properties": {"id": "universidade-minho", "name": "Universidade do Minho", "kind": "knowledge", "country": "PT", "country_code": "PT", "country_name": "Portugal", "themes": ["Digitale overheid", "Innovatie"], "description": "Universiteit ondersteunt UNU-EGOV via een formele samenwerking voor huisvesting, personeel en infrastructuur.", "source_ids": ["ib2-unu"], "city": "Braga", "location": {"city": "Braga", "country": "PT", "country_code": "PT", "precision": "city", "lat": 41.5514, "lon": -8.42311, "source_ids": ["ib2-minho-address", "eur-geonames"], "note": "Benaderd stadsreferentiepunt; geen individueel kantoor. Referentie van universitaire rectorale zetel; EGOV-samenwerking vindt mede in Guimarães plaats.", "geonames_city": "Braga", "id": "geonames-2742032", "provider": "GeoNames", "coordinate_source": "https://www.geonames.org/2742032/", "label": "Braga (stadsniveau)", "coordinate_source_id": "eur-geonames"}, "status": "researched", "tht": false, "kvk": null, "website": "https://unu.edu/egov/about", "relevance": "Universiteit ondersteunt UNU-EGOV via een formele samenwerking voor huisvesting, personeel en infrastructuur. Opname bewijst geen digitale soevereiniteit of actuele leveranciersopdracht.", "govtech_basis": "Universiteit ondersteunt UNU-EGOV via een formele samenwerking voor huisvesting, personeel en infrastructuur.", "staff": null, "checked": "2026-09-09", "ecosystem_scope": "europe", "entity_type": "organisation"}}, {"type": "Feature", "geometry": {"type": "Point", "coordinates": [22.93493, 40.64072]}, "properties": {"id": "university-macedonia", "name": "University of Macedonia", "kind": "knowledge", "country": "GR", "country_code": "GR", "country_name": "Griekenland", "city": "Thessaloniki", "location": {"city": "Thessaloniki", "country": "GR", "country_code": "GR", "precision": "city", "source_ids": ["gs2-gr-digigov-ec", "eur-geonames"], "lat": 40.64072, "lon": 22.93493, "postcode": null, "street": null, "number": null, "note": "Benaderd stadsreferentiepunt; geen individueel kantoor. Openbaar adres uit de EU-projectcatalogus; geen exclusieve hoofdzetel geclaimd.", "geonames_city": "Thessaloniki", "id": "geonames-734077", "provider": "GeoNames", "coordinate_source": "https://www.geonames.org/734077/", "label": "Thessaloniki (stadsniveau)", "coordinate_source_id": "eur-geonames"}, "description": "Universiteit met een benoemde rol in het digiGOV-consortium.", "source_ids": ["gs2-grnet-hub", "gs2-gr-digigov-ec"], "website": "https://www.uom.gr/en", "themes": ["Digitale overheid", "Innovatie", "Europese samenwerking"], "status": "researched", "checked": "2026-09-09", "ecosystem_scope": "europe", "tht": false, "kvk": null, "staff": null, "entity_type": "organisation", "relevance": "Geselecteerd op een concrete publieke innovatie- of digitaliseringsrol; zie relaties en brondata. Geen zelfstandige soevereiniteitsbeoordeling."}}, {"type": "Feature", "geometry": {"type": "Point", "coordinates": [26.7049, 37.79209]}, "properties": {"id": "university-aegean", "name": "University of the Aegean", "kind": "knowledge", "country": "GR", "country_code": "GR", "country_name": "Griekenland", "city": "Karlovasi", "location": {"city": "Karlovasi", "country": "GR", "country_code": "GR", "precision": "city", "source_ids": ["gs2-gr-digigov-ec", "eur-geonames-gr"], "lat": 37.79209, "lon": 26.7049, "postcode": null, "street": null, "number": null, "note": "Benaderd stadsreferentiepunt; geen individueel kantoor. Openbaar adres uit de EU-projectcatalogus; geen exclusieve hoofdzetel geclaimd.", "geonames_city": "Karlóvasi", "id": "geonames-256492", "provider": "GeoNames", "coordinate_source": "https://www.geonames.org/256492/", "label": "Karlovasi (stadsniveau)", "coordinate_source_id": "eur-geonames-gr"}, "description": "Universiteit met een digiGOV-consortiumlocatie op Samos.", "source_ids": ["gs2-grnet-hub", "gs2-gr-digigov-ec"], "website": "https://www.aegean.gr/", "themes": ["Digitale overheid", "Innovatie", "Europese samenwerking"], "status": "researched", "checked": "2026-09-09", "ecosystem_scope": "europe", "tht": false, "kvk": null, "staff": null, "entity_type": "organisation", "relevance": "Geselecteerd op een concrete publieke innovatie- of digitaliseringsrol; zie relaties en brondata. Geen zelfstandige soevereiniteitsbeoordeling."}}, {"type": "Feature", "geometry": {"type": "Point", "coordinates": [-8.29619, 41.44443]}, "properties": {"id": "unu-egov", "name": "UNU-EGOV", "kind": "knowledge", "country": "PT", "country_code": "PT", "country_name": "Portugal", "themes": ["Digitale overheid", "Innovatie"], "description": "VN-onderzoeks-, advies- en opleidingsinstituut voor digitale overheid, gevestigd in Guimarães; AI4PA-partner met gemeentelijke AI-participatieprojecten.", "source_ids": ["ib2-unu", "ib2-unu-municipal"], "city": "Guimarães", "location": {"city": "Guimarães", "country": "PT", "country_code": "PT", "precision": "city", "lat": 41.44443, "lon": -8.29619, "source_ids": ["ib2-unu", "eur-geonames"], "note": "Benaderd stadsreferentiepunt; geen individueel kantoor. ", "geonames_city": "Guimarães", "id": "geonames-2738752", "provider": "GeoNames", "coordinate_source": "https://www.geonames.org/2738752/", "label": "Guimarães (stadsniveau)", "coordinate_source_id": "eur-geonames"}, "status": "researched", "tht": false, "kvk": null, "website": "https://unu.edu/egov/about", "relevance": "VN-onderzoeks-, advies- en opleidingsinstituut voor digitale overheid, gevestigd in Guimarães; AI4PA-partner met gemeentelijke AI-participatieprojecten. Opname bewijst geen digitale soevereiniteit of actuele leveranciersopdracht.", "govtech_basis": "VN-onderzoeks-, advies- en opleidingsinstituut voor digitale overheid, gevestigd in Guimarães; AI4PA-partner met gemeentelijke AI-participatieprojecten.", "staff": null, "checked": "2026-09-09", "ecosystem_scope": "europe", "entity_type": "organisation"}}, {"type": "Feature", "geometry": {"type": "Point", "coordinates": [4.48653571, 51.92248806]}, "properties": {"id": "report-up-rotterdam", "name": "Up!Rotterdam", "kind": "hub", "themes": ["Innovatie"], "description": "Opgenomen als initiatief in het PUBLIC-rapport uit 2021, pagina 89. Huidige naam, locatie en activiteiten zijn niet opnieuw geverifieerd.", "source_ids": ["public-2021"], "city": "Rotterdam", "location": {"city": "Rotterdam", "postcode": null, "number": null, "street": null, "precision": "city", "note": "Historische woonplaats, PUBLIC 2021 p. 89; geen actueel vestigingsadres.", "source_ids": ["public-2021", "pdok"], "lat": 51.92248806, "lon": 4.48653571, "label": "Rotterdam, Rotterdam, Zuid-Holland", "query": "https://api.pdok.nl/bzk/locatieserver/search/v3_1/free?rows=20&q=Rotterdam&fq=type%3Awoonplaats", "provider": "PDOK", "id": "wpl-055d1ceec024dcc35de9ffae9d18bd7b", "country": "NL", "province": "Zuid-Holland"}, "status": "historical", "tht": false, "kvk": null, "website": null, "staff": null, "checked": "2026-09-05", "relevance": "Vermelding is een verkenningskandidaat, geen bevestigde overheidsleverancier. Eigendom, hosting en inkoopgeschiktheid zijn niet beoordeeld.", "report_page": 89, "country": "NL", "province": "Zuid-Holland"}}, {"type": "Feature", "geometry": {"type": "Point", "coordinates": [5.09520363, 52.0886922]}, "properties": {"id": "report-utrechtinc", "name": "UtrechtInc", "kind": "hub", "themes": ["Innovatie"], "description": "Opgenomen als initiatief in het PUBLIC-rapport uit 2021, pagina 89. Huidige naam, locatie en activiteiten zijn niet opnieuw geverifieerd.", "source_ids": ["public-2021"], "city": "Utrecht", "location": {"city": "Utrecht", "postcode": null, "number": null, "street": null, "precision": "city", "note": "Historische woonplaats, PUBLIC 2021 p. 89; geen actueel vestigingsadres.", "source_ids": ["public-2021", "pdok"], "lat": 52.0886922, "lon": 5.09520363, "label": "Utrecht, Utrecht, Utrecht", "query": "https://api.pdok.nl/bzk/locatieserver/search/v3_1/free?rows=20&q=Utrecht&fq=type%3Awoonplaats", "provider": "PDOK", "id": "wpl-d7676180b7f172bcb7356429b19563a5", "country": "NL", "province": "Utrecht"}, "status": "historical", "tht": false, "kvk": null, "website": null, "staff": null, "checked": "2026-09-05", "relevance": "Vermelding is een verkenningskandidaat, geen bevestigde overheidsleverancier. Eigendom, hosting en inkoopgeschiktheid zijn niet beoordeeld.", "report_page": 89, "country": "NL", "province": "Utrecht"}}, {"type": "Feature", "geometry": {"type": "Point", "coordinates": [18.06871, 59.32938]}, "properties": {"id": "vinnova", "name": "Vinnova", "kind": "government", "country": "SE", "country_code": "SE", "country_name": "Zweden", "city": "Stockholm", "location": {"city": "Stockholm", "country": "SE", "country_code": "SE", "precision": "city", "source_ids": ["gs2-sustaingov-funding", "eur-geonames"], "lat": 59.32938, "lon": 18.06871, "postcode": null, "street": null, "number": null, "note": "Benaderd stadsreferentiepunt; geen individueel kantoor. ", "geonames_city": "Stockholm", "id": "geonames-2673730", "provider": "GeoNames", "coordinate_source": "https://www.geonames.org/2673730/", "label": "Stockholm (stadsniveau)", "coordinate_source_id": "eur-geonames"}, "description": "Zweedse innovatiefinancier; ondersteunt het SustainGov-programmakantoor en Svea.", "source_ids": ["gs2-sustaingov-funding", "gs2-svea"], "website": "https://www.vinnova.se/", "themes": ["Digitale overheid", "Innovatie", "Europese samenwerking"], "status": "researched", "checked": "2026-09-09", "ecosystem_scope": "europe", "tht": false, "kvk": null, "staff": null, "entity_type": "organisation", "relevance": "Geselecteerd op een concrete publieke innovatie- of digitaliseringsrol; zie relaties en brondata. Geen zelfstandige soevereiniteitsbeoordeling."}}, {"type": "Feature", "geometry": {"type": "Point", "coordinates": [5.45853544, 51.45016172]}, "properties": {"id": "visma-circle", "name": "Visma Circle", "city": "Eindhoven", "kind": "company", "themes": ["Software", "Zaakgericht werken", "Informatiebeheer"], "description": "Software voor digitaal en zaakgericht werken; gepubliceerde testimonials noemen de Djuma-implementatie bij Almere en het zaaksysteem bij Waterschap Brabantse Delta.", "source_ids": ["nl-visma-circle"], "status": "researched", "tht": false, "kvk": null, "website": "https://www.vismacircle.nl", "staff": null, "checked": "2026-09-09", "relevance": "Directe toepassing bij publieke dienstverlening, onderbouwd met primaire product- of klantbronnen. Eigendom, hostingketen en digitale soevereiniteit zijn niet als geheel beoordeeld.", "location": {"city": "Eindhoven", "postcode": null, "number": null, "street": null, "precision": "city", "note": "Woonplaatsreferentie van een publiek vermeld zakelijk kantoor; geen exact kantoorpunt. Eén vestiging per organisatie, geen volledig vestigingenregister.", "source_ids": ["nl-visma-circle", "pdok"], "lat": 51.45016172, "lon": 5.45853544, "country": "NL", "label": "Eindhoven, Eindhoven, Noord-Brabant", "query": "https://api.pdok.nl/bzk/locatieserver/search/v3_1/free?rows=20&q=Eindhoven&fq=type%3Awoonplaats", "provider": "PDOK", "id": "wpl-e00997593fa854ee041244e352a8bb06", "province": "Noord-Brabant"}, "country": "NL", "province": "Noord-Brabant"}}, {"type": "Feature", "geometry": {"type": "Point", "coordinates": [4.32603246, 52.03619628]}, "properties": {"id": "visma-connect", "name": "Visma Connect", "kind": "company", "themes": ["Digitale overheid", "Berichtenverkeer", "XBRL"], "description": "Leverancier van gekwalificeerde informatie-uitwisseling; Logius beschrijft het werk van Visma Connect aan XBRL-taxonomieën.", "source_ids": ["visma-logius"], "city": "Rijswijk", "status": "researched", "tht": false, "kvk": "30217488", "website": "https://www.vismaconnect.nl", "location": {"city": "Rijswijk", "postcode": null, "number": null, "street": null, "precision": "city", "note": "City from the August 2025 KvK corporate snapshot; no private street address published.", "source_ids": ["kvk-2025", "visma-logius", "pdok"], "lat": 52.03619628, "lon": 4.32603246, "label": "Rijswijk, Rijswijk, Zuid-Holland", "query": "https://api.pdok.nl/bzk/locatieserver/search/v3_1/free?rows=20&q=Rijswijk&fq=type%3Awoonplaats", "provider": "PDOK", "id": "wpl-9bd7f37b4d493e9ed425f86f9aee2bdb", "country": "NL", "province": "Zuid-Holland"}, "relevance": "De genoemde relatie met Logius is onderbouwd; actuele scope, contract en eigendom van de infrastructuur vragen aparte verificatie.", "staff": null, "checked": "2026-09-09", "country": "NL", "province": "Zuid-Holland"}}, {"type": "Feature", "geometry": {"type": "Point", "coordinates": [4.30841631, 52.0863399]}, "properties": {"id": "vng", "name": "VNG Realisatie", "kind": "government", "themes": ["Digitale overheid", "Gemeenten"], "description": "Ondersteunt gemeenten bij digitale uitvoering; mede-organisator van OneGov.", "source_ids": ["onegov", "kvk-2025"], "city": "Den Haag", "status": "researched", "tht": false, "kvk": "27348329", "website": null, "location": {"city": "Den Haag", "postcode": "2514JS", "number": null, "street": null, "precision": "postcode", "note": "Postcodegebied uit KvK-export augustus 2025.", "source_ids": ["kvk-2025", "pdok"], "lat": 52.0863399, "lon": 4.30841631, "label": "Nassaulaan, 2514JS 's-Gravenhage", "query": "https://api.pdok.nl/bzk/locatieserver/search/v3_1/free?rows=20&q=2514JS&fq=type%3Apostcode&fq=postcode%3A2514JS", "provider": "PDOK", "id": "pcd-23f13cc515dc372442910f46bd59980c", "country": "NL", "province": "Zuid-Holland"}, "relevance": "Ecosysteemrol of mogelijke toepassing; geen inkoopadvies of bewijs van digitale soevereiniteit.", "staff": null, "checked": "2026-09-05", "country": "NL", "province": "Zuid-Holland"}}, {"type": "Feature", "geometry": {"type": "Point", "coordinates": [5.80274581, 53.19487304]}, "properties": {"id": "gt-166", "name": "Water Alliance", "kind": "support", "themes": ["Water"], "description": "Water Alliance is a Netherlands‑based network and industry organization for companies in water and environmental technology.", "source_ids": ["eu-initiatives", "wateralliance-address"], "city": "Leeuwarden", "location": {"city": "Leeuwarden", "postcode": "8934CJ", "number": 4, "street": "Agora", "precision": "address", "note": "Bezoekadres uit eigen contactpagina, gecontroleerd 5 september 2026.", "source_ids": ["wateralliance-address", "pdok"], "lat": 53.19487304, "lon": 5.80274581, "label": "Agora 4, 8934CJ Leeuwarden", "query": "https://api.pdok.nl/bzk/locatieserver/search/v3_1/free?rows=20&q=Agora&fq=type%3Aadres&fq=postcode%3A8934CJ&fq=huisnummer%3A4", "provider": "PDOK", "id": "adr-b1af15fd60e8dadcc4f11701a37c2cc9", "country": "NL", "province": "Fryslân"}, "status": "catalogue", "tht": false, "kvk": null, "website": "https://wateralliance.nl/en/", "staff": null, "checked": "2026-09-05", "relevance": "Vermelding is een verkenningskandidaat, geen bevestigde overheidsleverancier. Eigendom, hosting en inkoopgeschiktheid zijn niet beoordeeld.", "catalogue_id": "GT-166", "description_language": "en", "country": "NL", "province": "Fryslân"}}, {"type": "Feature", "geometry": {"type": "Point", "coordinates": [4.48653571, 51.92248806]}, "properties": {"id": "gts-1139", "name": "WeAreFrank!", "kind": "company", "themes": ["Digitale overheid", "Cloud Computing"], "description": "WeAreFrank!", "source_ids": ["eu-companies"], "city": "Rotterdam", "location": {"city": "Rotterdam", "postcode": null, "number": null, "street": null, "precision": "city", "note": "Woonplaats uit EU-beschrijving; geen bevestigd kantooradres.", "source_ids": ["eu-companies", "pdok"], "lat": 51.92248806, "lon": 4.48653571, "label": "Rotterdam, Rotterdam, Zuid-Holland", "query": "https://api.pdok.nl/bzk/locatieserver/search/v3_1/free?rows=20&q=Rotterdam&fq=type%3Awoonplaats", "provider": "PDOK", "id": "wpl-055d1ceec024dcc35de9ffae9d18bd7b", "country": "NL", "province": "Zuid-Holland"}, "status": "catalogue", "tht": false, "kvk": null, "website": "https://wearefrank.nl", "staff": "0-10 employees", "checked": "2026-09-05", "relevance": "Vermelding is een verkenningskandidaat, geen bevestigde overheidsleverancier. Eigendom, hosting en inkoopgeschiktheid zijn niet beoordeeld.", "coverage_countries": ["NL"], "catalogue_id": "GTS-1139", "source_updated": "20/03/2026", "source_status": "Active", "source_method": "Self-submission", "description_language": "en", "kvk_candidates": [], "country": "NL", "province": "Zuid-Holland"}}, {"type": "Feature", "geometry": {"type": "Point", "coordinates": [5.80369987, 53.1964329]}, "properties": {"id": "gt-165", "name": "Wetsus", "kind": "knowledge", "themes": ["Water"], "description": "Wetsus is a European research and innovation center based in Leeuwarden, Netherlands, focused on sustainable water technology.", "source_ids": ["eu-initiatives", "wetsus-address"], "city": "Leeuwarden", "location": {"city": "Leeuwarden", "postcode": "8911MA", "number": 9, "street": "Oostergoweg", "precision": "address", "note": "Bezoekadres uit eigen contactpagina, gecontroleerd 5 september 2026.", "source_ids": ["wetsus-address", "pdok"], "lat": 53.1964329, "lon": 5.80369987, "label": "Oostergoweg 9, 8911MA Leeuwarden", "query": "https://api.pdok.nl/bzk/locatieserver/search/v3_1/free?rows=20&q=Oostergoweg&fq=type%3Aadres&fq=postcode%3A8911MA&fq=huisnummer%3A9", "provider": "PDOK", "id": "adr-d37bf7f5d5fdcd39ad9bcca745630f89", "country": "NL", "province": "Fryslân"}, "status": "catalogue", "tht": false, "kvk": null, "website": "https://www.wetsus.nl/", "staff": null, "checked": "2026-09-05", "relevance": "Vermelding is een verkenningskandidaat, geen bevestigde overheidsleverancier. Eigendom, hosting en inkoopgeschiktheid zijn niet beoordeeld.", "catalogue_id": "GT-165", "description_language": "en", "country": "NL", "province": "Fryslân"}}, {"type": "Feature", "geometry": {"type": "Point", "coordinates": [4.29300083, 52.07207291]}, "properties": {"id": "wigo4it", "name": "Wigo4it", "city": "Den Haag", "kind": "government", "themes": ["Common Ground", "Cloud", "Sociaal domein"], "description": "Overheidscoöperatie; publiceert samenwerking met Dimpact rond Haven-compliant Kubernetesinfrastructuur en Demodam.", "source_ids": ["nl-wigo-dimpact"], "status": "researched", "tht": false, "kvk": null, "website": "https://www.wigo4it.nl", "staff": null, "checked": "2026-09-09", "relevance": "Directe toepassing bij publieke dienstverlening, onderbouwd met primaire product- of klantbronnen. Eigendom, hostingketen en digitale soevereiniteit zijn niet als geheel beoordeeld.", "location": {"city": "Den Haag", "postcode": null, "number": null, "street": null, "precision": "city", "note": "Woonplaatsreferentie van een publiek vermeld zakelijk kantoor; geen exact kantoorpunt. Eén vestiging per organisatie, geen volledig vestigingenregister.", "source_ids": ["nl-wigo-dimpact", "pdok"], "lat": 52.07207291, "lon": 4.29300083, "country": "NL", "label": "'s-Gravenhage, 's-Gravenhage, Zuid-Holland", "query": "https://api.pdok.nl/bzk/locatieserver/search/v3_1/free?rows=20&q=%27s-Gravenhage&fq=type%3Awoonplaats", "provider": "PDOK", "id": "wpl-3597581be599a52df395ce19248ab9f5", "province": "Zuid-Holland"}, "country": "NL", "province": "Zuid-Holland"}}, {"type": "Feature", "geometry": {"type": "Point", "coordinates": [4.32470913, 52.06994473]}, "properties": {"id": "worldstartup", "name": "WorldStartup", "kind": "support", "themes": ["Community", "Innovatie"], "description": "Startup-ondersteuner en samenwerkingspartner bij TechFest en Party4Planet.", "source_ids": ["tht-party", "tht-move"], "city": "Den Haag", "status": "researched", "tht": true, "kvk": null, "website": null, "location": {"city": "Den Haag", "postcode": "2521CA", "number": 5, "street": "Waldorpstraat", "precision": "hub", "note": "Referentiepunt The Hague Tech, geen geverifieerd individueel kantoor. Communityvermelding kan historisch zijn.", "source_ids": ["tht-move", "pdok"], "lat": 52.06994473, "lon": 4.32470913, "label": "Waldorpstraat 5, 2521CA 's-Gravenhage", "query": "https://api.pdok.nl/bzk/locatieserver/search/v3_1/free?rows=20&q=Waldorpstraat&fq=type%3Aadres&fq=postcode%3A2521CA&fq=huisnummer%3A5", "provider": "PDOK", "id": "adr-2752a817fd31f5ea6a8430e39cf18ed4", "country": "NL", "province": "Zuid-Holland"}, "relevance": "Ecosysteemrol of mogelijke toepassing; geen inkoopadvies of bewijs van digitale soevereiniteit.", "staff": null, "checked": "2026-09-05", "country": "NL", "province": "Zuid-Holland"}}, {"type": "Feature", "geometry": {"type": "Point", "coordinates": [6.77819416, 52.25490615]}, "properties": {"id": "xxllnc", "name": "xxllnc", "city": "Hengelo", "kind": "company", "themes": ["Software", "Zaakgericht werken", "Gemeenten"], "description": "Software voor gemeentelijke processen zoals zaakgericht werken, belastingen en sociaal domein. Lansingerland publiceert een toegankelijkheidsverklaring voor XXLLNC (Zaaksysteem.nl).", "source_ids": ["nl-xxllnc-profile", "nl-xxllnc-lansingerland", "nl-xxllnc-province-pdok"], "status": "researched", "tht": false, "kvk": null, "website": "https://www.xxllnc.nl", "staff": null, "checked": "2026-09-09", "relevance": "Directe toepassing bij publieke dienstverlening, onderbouwd met primaire product- of klantbronnen. Eigendom, hostingketen en digitale soevereiniteit zijn niet als geheel beoordeeld.", "location": {"city": "Hengelo", "postcode": "7556PE", "number": null, "street": null, "precision": "city", "note": "Stadsreferentie Hengelo, Overijssel. Eigen bedrijfsprofiel noemt vestiging Welbergweg 80-84 naast een postbus met 7550 AT. PDOK koppelt Welbergweg 80 aan Hengelo, Overijssel, 7556 PE. BAG-postcode dient uitsluitend plaatsdisambiguatie; geen exact kantoorpunt of hoofdkantoorclaim.", "source_ids": ["nl-xxllnc-profile", "nl-xxllnc-province-pdok", "pdok"], "lat": 52.25490615, "lon": 6.77819416, "country": "NL", "province": "Overijssel", "label": "Hengelo, Hengelo (O), Overijssel", "query": "https://api.pdok.nl/bzk/locatieserver/search/v3_1/free?rows=20&q=Hengelo&fq=type%3Awoonplaats", "provider": "PDOK", "id": "wpl-060d7d2f0853750cd153c51856fa5615"}, "country": "NL", "province": "Overijssel"}}, {"type": "Feature", "geometry": {"type": "Point", "coordinates": [5.09520363, 52.0886922]}, "properties": {"id": "yard", "name": "Yard Digital Agency", "city": "Utrecht", "kind": "company", "themes": ["Open source", "Toegankelijkheid", "Digitale overheid"], "description": "Bouwt gemeentelijke websites, Woo-portalen en MijnOmgevingen met het Open Webconcept. Noemt Lansingerland, Alkmaar en Buren als implementaties.", "source_ids": ["nl-yard-address", "nl-yard-products"], "status": "researched", "tht": false, "kvk": null, "website": "https://www.yard.nl", "staff": null, "checked": "2026-09-09", "relevance": "Directe toepassing bij publieke dienstverlening, onderbouwd met primaire product- of klantbronnen. Eigendom, hostingketen en digitale soevereiniteit zijn niet als geheel beoordeeld.", "location": {"city": "Utrecht", "postcode": null, "number": null, "street": null, "precision": "city", "note": "Woonplaatsreferentie van een publiek vermeld zakelijk kantoor; geen exact kantoorpunt. Eén vestiging per organisatie, geen volledig vestigingenregister.", "source_ids": ["nl-yard-address", "pdok"], "lat": 52.0886922, "lon": 5.09520363, "country": "NL", "label": "Utrecht, Utrecht, Utrecht", "query": "https://api.pdok.nl/bzk/locatieserver/search/v3_1/free?rows=20&q=Utrecht&fq=type%3Awoonplaats", "provider": "PDOK", "id": "wpl-d7676180b7f172bcb7356429b19563a5", "province": "Utrecht"}, "country": "NL", "province": "Utrecht"}}, {"type": "Feature", "geometry": {"type": "Point", "coordinates": [4.36310563, 51.99845672]}, "properties": {"id": "report-yes-delft", "name": "YES!Delft", "kind": "hub", "themes": ["Innovatie"], "description": "Opgenomen als initiatief in het PUBLIC-rapport uit 2021, pagina 89. Huidige naam, locatie en activiteiten zijn niet opnieuw geverifieerd.", "source_ids": ["public-2021"], "city": "Delft", "location": {"city": "Delft", "postcode": null, "number": null, "street": null, "precision": "city", "note": "Historische woonplaats, PUBLIC 2021 p. 89; geen actueel vestigingsadres.", "source_ids": ["public-2021", "pdok"], "lat": 51.99845672, "lon": 4.36310563, "label": "Delft, Delft, Zuid-Holland", "query": "https://api.pdok.nl/bzk/locatieserver/search/v3_1/free?rows=20&q=Delft&fq=type%3Awoonplaats", "provider": "PDOK", "id": "wpl-f91ebeb08f246f03b88604a8de071c2a", "country": "NL", "province": "Zuid-Holland"}, "status": "historical", "tht": false, "kvk": null, "website": null, "staff": null, "checked": "2026-09-05", "relevance": "Vermelding is een verkenningskandidaat, geen bevestigde overheidsleverancier. Eigendom, hosting en inkoopgeschiktheid zijn niet beoordeeld.", "report_page": 89, "country": "NL", "province": "Zuid-Holland"}}, {"type": "Feature", "geometry": {"type": "Point", "coordinates": [7.21648, 51.48165]}, "properties": {"id": "zendis", "name": "ZenDiS – Zentrum Digitale Souveränität", "kind": "government", "themes": ["Digitale overheid", "Open source", "Europese samenwerking"], "description": "Publieke organisatie voor digitale soevereiniteit; werkt met DINUM aan openDesk en La Suite numérique.", "source_ids": ["fg2-zendis-dinum", "fg2-zendis-address"], "city": "Bochum", "country": "DE", "country_code": "DE", "country_name": "Duitsland", "location": {"city": "Bochum", "country": "DE", "country_code": "DE", "precision": "city", "lat": 51.48165, "lon": 7.21648, "source_ids": ["fg2-zendis-address", "eur-geonames"], "note": "Benaderd stadsreferentiepunt, geen individueel kantoor. ", "id": "geonames-2947416", "provider": "GeoNames", "coordinate_source": "https://www.geonames.org/2947416/", "label": "Bochum (stadsniveau)", "coordinate_source_id": "eur-geonames"}, "status": "researched", "tht": false, "kvk": null, "website": "https://www.zendis.de/", "relevance": "Publieke organisatie voor digitale soevereiniteit; werkt met DINUM aan openDesk en La Suite numérique. ", "govtech_basis": "Concrete publieke digitale dienstverlening, incubatie of samenwerking beschreven in de gekoppelde primaire bron.", "staff": null, "checked": "2026-09-09", "ecosystem_scope": "europe", "entity_type": "organisation"}}, {"type": "Feature", "geometry": {"type": "Point", "coordinates": [4.29300083, 52.07207291]}, "properties": {"id": "nts-tno", "name": "TNO", "description": "Organisatie voor toegepast onderzoek aan maatschappelijke en technologische vraagstukken. NTS: betrokken bij de Actieagenda AI & Data en de fotonica-agenda OSIP.", "actor_types": ["research"], "themes": ["AI & algoritmen", "Data", "Digitale autonomie", "Veiligheid", "Duurzaamheid", "Innovatie & inkoop"], "website": "https://www.tno.nl/nl/over-tno/", "country": "NL", "country_name": "Nederland", "city": "Den Haag", "province": "Zuid-Holland", "location": {"city": "Den Haag", "province": "Zuid-Holland", "lat": 52.07207291, "lon": 4.29300083, "id": "wpl-3597581be599a52df395ce19248ab9f5", "coordinate_source": "https://api.pdok.nl/bzk/locatieserver/search/v3_1/free?rows=20&q=%27s-Gravenhage&fq=type%3Awoonplaats", "precision": "city", "label": "Den Haag (bij benadering, stadsniveau)", "country": "NL", "provider": "PDOK", "checked": "2026-09-10", "source_ids": ["nts-tno-city", "nts-pdok-docs"], "note": "Stadpunt ter oriëntatie; geen exact kantooradres."}, "source_ids": ["nts-tno-about", "nts-ai-data-document", "nts-osip-html", "nts-tno-city", "nts-pdok-docs"], "reviewed_at": "2026-09-10", "status": "researched", "aliases": ["Nederlandse Organisatie voor toegepast-natuurwetenschappelijk onderzoek"], "kind": "knowledge", "govtech_basis": "Kennisrol op basis van toegepast onderzoek. Strategiecontext: Nationale Technologiestrategie (NTS), via expliciete actieagendaverbanden.", "entity_type": "organisation", "origin": "managed", "organisation_ids": [], "collaboration_ids": ["nds-federatief-datastelsel", "nds-nederlandse-digitaliseringsstrategie", "nts-ai-data", "nts-osip"], "innovation_ids": ["solution-gpt-nl", "solution-gpt-nl-gem-pilot"], "participant_ids": [], "member_ids": [], "atlas_kind_basis": "Functionele actorrol → atlasweergavetype; geen uitspraak over rechtsvorm", "portal_themes": ["ai", "data", "digitale-autonomie", "veiligheid", "duurzaamheid", "innovatie-inkoop"], "editorial_status": "reviewed", "checked": "2026-09-10", "tht": false, "kvk": null, "staff": null, "atlas_origin": "managed_public_projection"}}, {"type": "Feature", "geometry": {"type": "Point", "coordinates": [4.29300083, 52.07207291]}, "properties": {"id": "nts-nwo", "name": "Nederlandse Organisatie voor Wetenschappelijk Onderzoek (NWO)", "description": "Publieke financier van wetenschappelijk onderzoek en onderzoeksinfrastructuur. NTS: betrokken bij ontwikkeling van de Actieagenda AI & Data.", "actor_types": ["government"], "themes": ["Innovatie & inkoop", "AI & algoritmen", "Data"], "website": "https://www.nwo.nl/", "country": "NL", "country_name": "Nederland", "city": "Den Haag", "province": "Zuid-Holland", "location": {"city": "Den Haag", "province": "Zuid-Holland", "lat": 52.07207291, "lon": 4.29300083, "id": "wpl-3597581be599a52df395ce19248ab9f5", "coordinate_source": "https://api.pdok.nl/bzk/locatieserver/search/v3_1/free?rows=20&q=%27s-Gravenhage&fq=type%3Awoonplaats", "precision": "city", "label": "Den Haag (bij benadering, stadsniveau)", "country": "NL", "provider": "PDOK", "checked": "2026-09-10", "source_ids": ["nts-nwo-register", "nts-pdok-docs"], "note": "Stadpunt ter oriëntatie; geen exact kantooradres."}, "source_ids": ["nts-nwo-register", "nts-ai-data-document", "nts-pdok-docs"], "reviewed_at": "2026-09-10", "status": "researched", "aliases": ["NWO"], "kind": "government", "govtech_basis": "Overheidsrol: zelfstandig bestuursorgaan met bevoegdheid publieke onderzoeksmiddelen te verdelen. Geen afzonderlijke instituten als dezelfde organisatie gemodelleerd.", "entity_type": "organisation", "origin": "managed", "organisation_ids": [], "collaboration_ids": ["nts-ai-data"], "innovation_ids": [], "participant_ids": [], "member_ids": [], "atlas_kind_basis": "Functionele actorrol → atlasweergavetype; geen uitspraak over rechtsvorm", "portal_themes": ["innovatie-inkoop", "ai", "data"], "editorial_status": "reviewed", "checked": "2026-09-10", "tht": false, "kvk": null, "staff": null, "atlas_origin": "managed_public_projection"}}, {"type": "Feature", "geometry": {"type": "Point", "coordinates": [4.48977382, 52.06091036]}, "properties": {"id": "nts-fme", "name": "FME", "description": "Vereniging voor de technologische industrie die belangen behartigt en kennisuitwisseling ondersteunt. NTS: bijdrage aan de ontwikkeling van digitale actieagenda’s.", "actor_types": ["ngo"], "themes": ["Innovatie & inkoop", "Digitale autonomie"], "website": "https://www.fme.nl/", "country": "NL", "country_name": "Nederland", "city": "Zoetermeer", "province": "Zuid-Holland", "location": {"city": "Zoetermeer", "province": "Zuid-Holland", "lat": 52.06091036, "lon": 4.48977382, "id": "wpl-0f519ebf9ea2e496aa494c0a63c49bbc", "coordinate_source": "https://api.pdok.nl/bzk/locatieserver/search/v3_1/free?rows=20&q=Zoetermeer&fq=type%3Awoonplaats", "precision": "city", "label": "Zoetermeer (bij benadering, stadsniveau)", "country": "NL", "provider": "PDOK", "checked": "2026-09-10", "source_ids": ["nts-fme-city", "nts-pdok-docs"], "note": "Stadpunt ter oriëntatie; geen exact kantooradres."}, "source_ids": ["nts-fme-mission", "nts-fme-legal", "nts-digital-development", "nts-fme-city", "nts-pdok-docs"], "reviewed_at": "2026-09-10", "status": "researched", "aliases": ["Vereniging FME"], "kind": "support", "govtech_basis": "Maatschappelijke rol als niet-gouvernementele branchevereniging; geen leverancierrol afgeleid uit het lidmaatschap van bedrijven.", "entity_type": "organisation", "origin": "managed", "organisation_ids": [], "collaboration_ids": ["nts-strategy"], "innovation_ids": [], "participant_ids": [], "member_ids": [], "atlas_kind_basis": "Functionele actorrol → atlasweergavetype; geen uitspraak over rechtsvorm", "portal_themes": ["innovatie-inkoop", "digitale-autonomie"], "editorial_status": "reviewed", "checked": "2026-09-10", "tht": false, "kvk": null, "staff": null, "atlas_origin": "managed_public_projection"}}, {"type": "Feature", "geometry": {"type": "Point", "coordinates": [4.29300083, 52.07207291]}, "properties": {"id": "nts-vno-ncw", "name": "VNO-NCW", "description": "Ondernemersorganisatie die bedrijfsbelangen vertegenwoordigt in nationaal en Europees beleid. NTS: bijdrage aan de ontwikkeling van digitale actieagenda’s.", "actor_types": ["ngo"], "themes": ["Innovatie & inkoop", "Digitale autonomie"], "website": "https://www.vno-ncw.nl/over-ons", "country": "NL", "country_name": "Nederland", "city": "Den Haag", "province": "Zuid-Holland", "location": {"city": "Den Haag", "province": "Zuid-Holland", "lat": 52.07207291, "lon": 4.29300083, "id": "wpl-3597581be599a52df395ce19248ab9f5", "coordinate_source": "https://api.pdok.nl/bzk/locatieserver/search/v3_1/free?rows=20&q=%27s-Gravenhage&fq=type%3Awoonplaats", "precision": "city", "label": "Den Haag (bij benadering, stadsniveau)", "country": "NL", "provider": "PDOK", "checked": "2026-09-10", "source_ids": ["nts-vno-about", "nts-pdok-docs"], "note": "Stadpunt ter oriëntatie; geen exact kantooradres."}, "source_ids": ["nts-vno-about", "nts-digital-development", "nts-pdok-docs"], "reviewed_at": "2026-09-10", "status": "researched", "aliases": [], "kind": "support", "govtech_basis": "Maatschappelijke rol als niet-gouvernementele werkgevers- en belangenorganisatie. Vertegenwoordigde bedrijven zijn niet automatisch deelnemers aan de strategie.", "entity_type": "organisation", "origin": "managed", "organisation_ids": [], "collaboration_ids": ["nts-strategy"], "innovation_ids": [], "participant_ids": [], "member_ids": [], "atlas_kind_basis": "Functionele actorrol → atlasweergavetype; geen uitspraak over rechtsvorm", "portal_themes": ["innovatie-inkoop", "digitale-autonomie"], "editorial_status": "reviewed", "checked": "2026-09-10", "tht": false, "kvk": null, "staff": null, "atlas_origin": "managed_public_projection"}}, {"type": "Feature", "geometry": {"type": "Point", "coordinates": [5.45853544, 51.45016172]}, "properties": {"id": "nts-photondelta", "name": "Stichting PhotonDelta", "description": "Nonprofit organisatie die ontwikkeling en opschaling van geïntegreerde fotonica ondersteunt. NTS: genoemd bij de betrokken partijen van de OSIP-actieagenda.", "actor_types": ["ngo"], "themes": ["Innovatie & inkoop", "Digitale autonomie", "Duurzaamheid"], "website": "https://www.photondelta.com/about/", "country": "NL", "country_name": "Nederland", "city": "Eindhoven", "province": "Noord-Brabant", "location": {"city": "Eindhoven", "province": "Noord-Brabant", "lat": 51.45016172, "lon": 5.45853544, "id": "wpl-e00997593fa854ee041244e352a8bb06", "coordinate_source": "https://api.pdok.nl/bzk/locatieserver/search/v3_1/free?rows=20&q=Eindhoven&fq=type%3Awoonplaats", "precision": "city", "label": "Eindhoven (bij benadering, stadsniveau)", "country": "NL", "provider": "PDOK", "checked": "2026-09-10", "source_ids": ["nts-photondelta-about", "nts-pdok-docs"], "note": "Stadpunt ter oriëntatie; geen exact kantooradres."}, "source_ids": ["nts-photondelta-about", "nts-osip-html", "nts-pdok-docs"], "reviewed_at": "2026-09-10", "status": "researched", "aliases": ["PhotonDelta Foundation", "PhotonDelta"], "kind": "support", "govtech_basis": "Deze organisatie is de nonprofit stichting; het fotonica-ecosysteem is niet als één bedrijf behandeld.", "entity_type": "organisation", "origin": "managed", "organisation_ids": [], "collaboration_ids": ["nts-osip"], "innovation_ids": [], "participant_ids": [], "member_ids": [], "atlas_kind_basis": "Functionele actorrol → atlasweergavetype; geen uitspraak over rechtsvorm", "portal_themes": ["innovatie-inkoop", "digitale-autonomie", "duurzaamheid"], "editorial_status": "reviewed", "checked": "2026-09-10", "tht": false, "kvk": null, "staff": null, "atlas_origin": "managed_public_projection"}}, {"type": "Feature", "geometry": {"type": "Point", "coordinates": [6.8777881, 52.22080698]}, "properties": {"id": "nts-photonicsnl", "name": "Vereniging PhotonicsNL", "description": "Nederlandse vereniging voor fotonica en optica, gericht op samenwerking en kennisuitwisseling. NTS: genoemd bij de betrokken partijen van de OSIP-actieagenda.", "actor_types": ["ngo"], "themes": ["Innovatie & inkoop", "Digitale autonomie"], "website": "https://photonicsnl.com/", "country": "NL", "country_name": "Nederland", "city": "Enschede", "province": "Overijssel", "location": {"city": "Enschede", "province": "Overijssel", "lat": 52.22080698, "lon": 6.8777881, "id": "wpl-7e38cfd998799b64b8bea5e71d8a4a76", "coordinate_source": "https://api.pdok.nl/bzk/locatieserver/search/v3_1/free?rows=20&q=Enschede&fq=type%3Awoonplaats", "precision": "city", "label": "Enschede (bij benadering, stadsniveau)", "country": "NL", "provider": "PDOK", "checked": "2026-09-10", "source_ids": ["nts-photonicsnl-city", "nts-pdok-docs"], "note": "Stadpunt ter oriëntatie; geen exact kantooradres."}, "source_ids": ["nts-photonicsnl-about", "nts-osip-html", "nts-photonicsnl-city", "nts-pdok-docs"], "reviewed_at": "2026-09-10", "status": "researched", "aliases": ["PhotonicsNL"], "kind": "support", "govtech_basis": "Maatschappelijke rol als nonprofit branchevereniging. Geen automatische toekenning van NTS-deelname aan verenigingsleden.", "entity_type": "organisation", "origin": "managed", "organisation_ids": [], "collaboration_ids": ["nts-osip"], "innovation_ids": [], "participant_ids": [], "member_ids": [], "atlas_kind_basis": "Functionele actorrol → atlasweergavetype; geen uitspraak over rechtsvorm", "portal_themes": ["innovatie-inkoop", "digitale-autonomie"], "editorial_status": "reviewed", "checked": "2026-09-10", "tht": false, "kvk": null, "staff": null, "atlas_origin": "managed_public_projection"}}, {"type": "Feature", "geometry": {"type": "Point", "coordinates": [6.8777881, 52.22080698]}, "properties": {"id": "nts-demcon", "name": "Demcon", "description": "Technologiebedrijf dat systemen en producten ontwikkelt en produceert voor onder meer gezondheid, water, energie en veiligheid. NTS: genoemd in OSIP.", "actor_types": ["market"], "themes": ["Veiligheid", "Duurzaamheid", "Innovatie & inkoop"], "website": "https://demcon.com/about-demcon", "country": "NL", "country_name": "Nederland", "city": "Enschede", "province": "Overijssel", "location": {"city": "Enschede", "province": "Overijssel", "lat": 52.22080698, "lon": 6.8777881, "id": "wpl-7e38cfd998799b64b8bea5e71d8a4a76", "coordinate_source": "https://api.pdok.nl/bzk/locatieserver/search/v3_1/free?rows=20&q=Enschede&fq=type%3Awoonplaats", "precision": "city", "label": "Enschede (bij benadering, stadsniveau)", "country": "NL", "provider": "PDOK", "checked": "2026-09-10", "source_ids": ["nts-demcon-city", "nts-pdok-docs"], "note": "Stadpunt ter oriëntatie; geen exact kantooradres."}, "source_ids": ["nts-demcon-about", "nts-osip-html", "nts-demcon-city", "nts-pdok-docs"], "reviewed_at": "2026-09-10", "status": "researched", "aliases": [], "kind": "company", "govtech_basis": "Marktrol als ontwikkelaar en leverancier. De OSIP-bron noemt samenwerking in het programma Defensie en dual-use; dit bewijst geen specifieke aanbesteding.", "entity_type": "organisation", "origin": "managed", "organisation_ids": [], "collaboration_ids": ["nts-osip"], "innovation_ids": [], "participant_ids": [], "member_ids": [], "atlas_kind_basis": "Functionele actorrol → atlasweergavetype; geen uitspraak over rechtsvorm", "portal_themes": ["veiligheid", "duurzaamheid", "innovatie-inkoop"], "editorial_status": "reviewed", "checked": "2026-09-10", "tht": false, "kvk": null, "staff": null, "atlas_origin": "managed_public_projection"}}, {"type": "Feature", "geometry": {"type": "Point", "coordinates": [6.77819416, 52.25490615]}, "properties": {"id": "nts-thales-nederland", "name": "Thales Nederland", "description": "Ontwikkelaar en producent van radar- en veiligheidssystemen, met een actuele uitbreiding in Hengelo. NTS: genoemd in het OSIP-programma Defensie en dual-use.", "actor_types": ["market"], "themes": ["Veiligheid", "Digitale autonomie"], "website": "https://connect.thalesgroup.com/nl/news/thales-en-ministerie-van-defensie-breiden-samen-productie-radarsystemen-plus-testcapaciteit-uit-in-nederland", "country": "NL", "country_name": "Nederland", "city": "Hengelo", "province": "Overijssel", "location": {"city": "Hengelo", "province": "Overijssel", "lat": 52.25490615, "lon": 6.77819416, "id": "wpl-060d7d2f0853750cd153c51856fa5615", "coordinate_source": "https://api.pdok.nl/bzk/locatieserver/search/v3_1/free?rows=20&q=Hengelo&fq=type%3Awoonplaats", "precision": "city", "label": "Hengelo (bij benadering, stadsniveau)", "country": "NL", "provider": "PDOK", "checked": "2026-09-10", "source_ids": ["nts-thales-2026", "nts-pdok-docs"], "note": "Stadpunt ter oriëntatie; geen exact kantooradres."}, "source_ids": ["nts-thales-2026", "nts-osip-html", "nts-pdok-docs"], "reviewed_at": "2026-09-10", "status": "researched", "aliases": ["Thales Netherlands"], "kind": "company", "govtech_basis": "Marktrol als technologieproducent. Nederlands organisatieonderdeel van een internationale groep; country NL verwijst naar dit onderdeel, niet naar Nederlands eigendom.", "entity_type": "organisation", "origin": "managed", "organisation_ids": [], "collaboration_ids": ["nts-osip"], "innovation_ids": [], "participant_ids": [], "member_ids": [], "atlas_kind_basis": "Functionele actorrol → atlasweergavetype; geen uitspraak over rechtsvorm", "portal_themes": ["veiligheid", "digitale-autonomie"], "editorial_status": "reviewed", "checked": "2026-09-10", "tht": false, "kvk": null, "staff": null, "atlas_origin": "managed_public_projection"}}, {"type": "Feature", "geometry": {"type": "Point", "coordinates": [4.90454379, 52.37344272]}, "properties": {"id": "nts-nlr", "name": "Nederlands Lucht- en Ruimtevaartcentrum (NLR)", "description": "Onderzoekscentrum voor lucht- en ruimtevaart dat werkt aan veiligheid en verduurzaming. NTS: genoemd in het OSIP-programma Defensie en dual-use.", "actor_types": ["research"], "themes": ["Veiligheid", "Duurzaamheid", "Innovatie & inkoop"], "website": "https://www.nlr.org/nl/over-ons/missie-visie-strategie/", "country": "NL", "country_name": "Nederland", "city": "Amsterdam", "province": "Noord-Holland", "location": {"city": "Amsterdam", "province": "Noord-Holland", "lat": 52.37344272, "lon": 4.90454379, "id": "wpl-62fe60a4eea50b7c33ba3d9c39a21e6a", "coordinate_source": "https://api.pdok.nl/bzk/locatieserver/search/v3_1/free?rows=20&q=Amsterdam&fq=type%3Awoonplaats", "precision": "city", "label": "Amsterdam (bij benadering, stadsniveau)", "country": "NL", "provider": "PDOK", "checked": "2026-09-10", "source_ids": ["nts-nlr-city", "nts-pdok-docs"], "note": "Stadpunt ter oriëntatie; geen exact kantooradres."}, "source_ids": ["nts-nlr-about", "nts-osip-html", "nts-nlr-city", "nts-pdok-docs"], "reviewed_at": "2026-09-10", "status": "researched", "aliases": ["Koninklijke NLR", "Netherlands Aerospace Centre"], "kind": "knowledge", "govtech_basis": "Kennisrol op basis van onderzoek; de Amsterdamse locatie vertegenwoordigt één openbaar vestigingspunt van een organisatie met meerdere locaties.", "entity_type": "organisation", "origin": "managed", "organisation_ids": [], "collaboration_ids": ["nts-osip"], "innovation_ids": [], "participant_ids": [], "member_ids": [], "atlas_kind_basis": "Functionele actorrol → atlasweergavetype; geen uitspraak over rechtsvorm", "portal_themes": ["veiligheid", "duurzaamheid", "innovatie-inkoop"], "editorial_status": "reviewed", "checked": "2026-09-10", "tht": false, "kvk": null, "staff": null, "atlas_origin": "managed_public_projection"}}, {"type": "Feature", "geometry": {"type": "Point", "coordinates": [4.32603246, 52.03619628]}, "properties": {"id": "nts-innatera", "name": "Innatera", "description": "Ontwikkelt neuromorfische processoren die sensorgegevens lokaal en energiezuinig verwerken. NTS: genoemd in het neuromorphic-consortium van AI & Data.", "actor_types": ["market"], "themes": ["AI & algoritmen", "Duurzaamheid", "Digitale autonomie"], "website": "https://www.innatera.com/about-us/", "country": "NL", "country_name": "Nederland", "city": "Rijswijk", "province": "Zuid-Holland", "location": {"city": "Rijswijk", "province": "Zuid-Holland", "lat": 52.03619628, "lon": 4.32603246, "id": "wpl-9bd7f37b4d493e9ed425f86f9aee2bdb", "coordinate_source": "https://api.pdok.nl/bzk/locatieserver/search/v3_1/free?rows=20&q=Rijswijk&fq=type%3Awoonplaats", "precision": "city", "label": "Rijswijk (bij benadering, stadsniveau)", "country": "NL", "provider": "PDOK", "checked": "2026-09-10", "source_ids": ["nts-innatera-about", "nts-pdok-docs"], "note": "Stadpunt ter oriëntatie; geen exact kantooradres."}, "source_ids": ["nts-innatera-about", "nts-ai-data-html", "nts-pdok-docs"], "reviewed_at": "2026-09-10", "status": "researched", "aliases": ["Innatera Nanosystems BV"], "kind": "company", "govtech_basis": "Marktrol als chipontwikkelaar. Geen bewezen overheidsuitrol afgeleid uit deelname aan een innovatieprogramma.", "entity_type": "organisation", "origin": "managed", "organisation_ids": [], "collaboration_ids": ["nts-ai-data"], "innovation_ids": [], "participant_ids": [], "member_ids": [], "atlas_kind_basis": "Functionele actorrol → atlasweergavetype; geen uitspraak over rechtsvorm", "portal_themes": ["ai", "duurzaamheid", "digitale-autonomie"], "editorial_status": "reviewed", "checked": "2026-09-10", "tht": false, "kvk": null, "staff": null, "atlas_origin": "managed_public_projection"}}, {"type": "Feature", "geometry": {"type": "Point", "coordinates": [5.45853544, 51.45016172]}, "properties": {"id": "nts-axelera-ai", "name": "Axelera AI", "description": "Ontwikkelt hardware en software voor lokale AI-inferentie, onder meer voor computer vision. NTS: genoemd in het neuromorphic-consortium van AI & Data.", "actor_types": ["market"], "themes": ["AI & algoritmen", "Digitale autonomie", "Duurzaamheid"], "website": "https://axelera.ai/", "country": "NL", "country_name": "Nederland", "city": "Eindhoven", "province": "Noord-Brabant", "location": {"city": "Eindhoven", "province": "Noord-Brabant", "lat": 51.45016172, "lon": 5.45853544, "id": "wpl-e00997593fa854ee041244e352a8bb06", "coordinate_source": "https://api.pdok.nl/bzk/locatieserver/search/v3_1/free?rows=20&q=Eindhoven&fq=type%3Awoonplaats", "precision": "city", "label": "Eindhoven (bij benadering, stadsniveau)", "country": "NL", "provider": "PDOK", "checked": "2026-09-10", "source_ids": ["nts-axelera-city", "nts-pdok-docs"], "note": "Stadpunt ter oriëntatie; geen exact kantooradres."}, "source_ids": ["nts-axelera-about", "nts-ai-data-html", "nts-axelera-city", "nts-pdok-docs"], "reviewed_at": "2026-09-10", "status": "researched", "aliases": ["Axelera AI B.V."], "kind": "company", "govtech_basis": "Marktrol als aanbieder van AI-hardware en software. Relevantie voor lokale verwerking is geen bewijs van gebruik door een Nederlandse overheid.", "entity_type": "organisation", "origin": "managed", "organisation_ids": [], "collaboration_ids": ["nts-ai-data"], "innovation_ids": [], "participant_ids": [], "member_ids": [], "atlas_kind_basis": "Functionele actorrol → atlasweergavetype; geen uitspraak over rechtsvorm", "portal_themes": ["ai", "digitale-autonomie", "duurzaamheid"], "editorial_status": "reviewed", "checked": "2026-09-10", "tht": false, "kvk": null, "staff": null, "atlas_origin": "managed_public_projection"}}, {"type": "Feature", "geometry": {"type": "Point", "coordinates": [4.90454379, 52.37344272]}, "properties": {"id": "nts-cwi", "name": "Centrum Wiskunde & Informatica (CWI)", "description": "Nationaal onderzoeksinstituut voor wiskunde en informatica, met onderzoek naar onder meer netwerken en internetveiligheid. NTS: genoemd in het neuromorphic-consortium van AI & Data.", "actor_types": ["research"], "themes": ["AI & algoritmen", "Data", "Veiligheid"], "website": "https://www.cwi.nl/en/about/", "country": "NL", "country_name": "Nederland", "city": "Amsterdam", "province": "Noord-Holland", "location": {"city": "Amsterdam", "province": "Noord-Holland", "lat": 52.37344272, "lon": 4.90454379, "id": "wpl-62fe60a4eea50b7c33ba3d9c39a21e6a", "coordinate_source": "https://api.pdok.nl/bzk/locatieserver/search/v3_1/free?rows=20&q=Amsterdam&fq=type%3Awoonplaats", "precision": "city", "label": "Amsterdam (bij benadering, stadsniveau)", "country": "NL", "provider": "PDOK", "checked": "2026-09-10", "source_ids": ["nts-cwi-about", "nts-pdok-docs"], "note": "Stadpunt ter oriëntatie; geen exact kantooradres."}, "source_ids": ["nts-cwi-about", "nts-ai-data-html", "nts-pdok-docs"], "reviewed_at": "2026-09-10", "status": "researched", "aliases": ["CWI"], "kind": "knowledge", "govtech_basis": "Kennisrol als herkenbaar onderzoeksinstituut binnen NWO-I; geen afzonderlijke rechtspersoon geclaimd.", "entity_type": "organisation", "origin": "managed", "organisation_ids": [], "collaboration_ids": ["nts-ai-data"], "innovation_ids": [], "participant_ids": [], "member_ids": [], "atlas_kind_basis": "Functionele actorrol → atlasweergavetype; geen uitspraak over rechtsvorm", "portal_themes": ["ai", "data", "veiligheid"], "editorial_status": "reviewed", "checked": "2026-09-10", "tht": false, "kvk": null, "staff": null, "atlas_origin": "managed_public_projection"}}, {"type": "Feature", "geometry": {"type": "Point", "coordinates": [5.83320521, 51.83481969]}, "properties": {"id": "nts-radboud", "name": "Radboud Universiteit", "description": "Universiteit met onderzoek en onderwijs over onder meer digitalisering, gezondheid en samenleving. NTS: genoemd in het neuromorphic-consortium van AI & Data.", "actor_types": ["research"], "themes": ["AI & algoritmen", "Data", "Innovatie & inkoop"], "website": "https://www.ru.nl/over-ons", "country": "NL", "country_name": "Nederland", "city": "Nijmegen", "province": "Gelderland", "location": {"city": "Nijmegen", "province": "Gelderland", "lat": 51.83481969, "lon": 5.83320521, "id": "wpl-426270a44a94aa161782f45977711f07", "coordinate_source": "https://api.pdok.nl/bzk/locatieserver/search/v3_1/free?rows=20&q=Nijmegen&fq=type%3Awoonplaats", "precision": "city", "label": "Nijmegen (bij benadering, stadsniveau)", "country": "NL", "provider": "PDOK", "checked": "2026-09-10", "source_ids": ["nts-radboud-city", "nts-pdok-docs"], "note": "Stadpunt ter oriëntatie; geen exact kantooradres."}, "source_ids": ["nts-radboud-about", "nts-ai-data-html", "nts-radboud-city", "nts-pdok-docs"], "reviewed_at": "2026-09-10", "status": "researched", "aliases": ["Radboud University"], "kind": "knowledge", "govtech_basis": "Kennisrol als universiteit. Vermelding betreft de universiteit, niet automatisch het afzonderlijke Radboudumc.", "entity_type": "organisation", "origin": "managed", "organisation_ids": [], "collaboration_ids": ["nts-ai-data"], "innovation_ids": [], "participant_ids": [], "member_ids": [], "atlas_kind_basis": "Functionele actorrol → atlasweergavetype; geen uitspraak over rechtsvorm", "portal_themes": ["ai", "data", "innovatie-inkoop"], "editorial_status": "reviewed", "checked": "2026-09-10", "tht": false, "kvk": null, "staff": null, "atlas_origin": "managed_public_projection"}}, {"type": "Feature", "geometry": {"type": "Point", "coordinates": [6.8777881, 52.22080698]}, "properties": {"id": "nts-utwente", "name": "Universiteit Twente", "description": "Universiteit met technisch en maatschappelijk onderzoek, onder meer naar chips, gezondheid, klimaat en veiligheid. NTS: genoemd in het neuromorphic-consortium van AI & Data.", "actor_types": ["research"], "themes": ["AI & algoritmen", "Digitale autonomie", "Veiligheid", "Duurzaamheid"], "website": "https://www.utwente.nl/", "country": "NL", "country_name": "Nederland", "city": "Enschede", "province": "Overijssel", "location": {"city": "Enschede", "province": "Overijssel", "lat": 52.22080698, "lon": 6.8777881, "id": "wpl-7e38cfd998799b64b8bea5e71d8a4a76", "coordinate_source": "https://api.pdok.nl/bzk/locatieserver/search/v3_1/free?rows=20&q=Enschede&fq=type%3Awoonplaats", "precision": "city", "label": "Enschede (bij benadering, stadsniveau)", "country": "NL", "provider": "PDOK", "checked": "2026-09-10", "source_ids": ["nts-utwente-city", "nts-pdok-docs"], "note": "Stadpunt ter oriëntatie; geen exact kantooradres."}, "source_ids": ["nts-utwente-home", "nts-ai-data-html", "nts-utwente-city", "nts-pdok-docs"], "reviewed_at": "2026-09-10", "status": "researched", "aliases": ["University of Twente", "UT"], "kind": "knowledge", "govtech_basis": "Kennisrol als universiteit. Novel-T en de universiteit behouden afzonderlijke identiteiten.", "entity_type": "organisation", "origin": "managed", "organisation_ids": [], "collaboration_ids": ["nts-ai-data"], "innovation_ids": [], "participant_ids": [], "member_ids": [], "atlas_kind_basis": "Functionele actorrol → atlasweergavetype; geen uitspraak over rechtsvorm", "portal_themes": ["ai", "digitale-autonomie", "veiligheid", "duurzaamheid"], "editorial_status": "reviewed", "checked": "2026-09-10", "tht": false, "kvk": null, "staff": null, "atlas_origin": "managed_public_projection"}}, {"type": "Feature", "geometry": {"type": "Point", "coordinates": [5.45853544, 51.45016172]}, "properties": {"id": "nts-tue", "name": "Technische Universiteit Eindhoven", "description": "Technische universiteit met onderzoeksinfrastructuur en samenwerking tussen wetenschappelijke disciplines. NTS: genoemd in het neuromorphic-consortium van AI & Data.", "actor_types": ["research"], "themes": ["AI & algoritmen", "Digitale autonomie", "Innovatie & inkoop"], "website": "https://research.tue.nl/en/organisations/eindhoven-university-of-technology/", "country": "NL", "country_name": "Nederland", "city": "Eindhoven", "province": "Noord-Brabant", "location": {"city": "Eindhoven", "province": "Noord-Brabant", "lat": 51.45016172, "lon": 5.45853544, "id": "wpl-e00997593fa854ee041244e352a8bb06", "coordinate_source": "https://api.pdok.nl/bzk/locatieserver/search/v3_1/free?rows=20&q=Eindhoven&fq=type%3Awoonplaats", "precision": "city", "label": "Eindhoven (bij benadering, stadsniveau)", "country": "NL", "provider": "PDOK", "checked": "2026-09-10", "source_ids": ["nts-tue-profile", "nts-pdok-docs"], "note": "Stadpunt ter oriëntatie; geen exact kantooradres."}, "source_ids": ["nts-tue-profile", "nts-ai-data-html", "nts-pdok-docs"], "reviewed_at": "2026-09-10", "status": "researched", "aliases": ["TU Eindhoven", "TU/e", "Eindhoven University of Technology"], "kind": "knowledge", "govtech_basis": "Kennisrol als universiteit. De website verwijst naar het eigen werkende onderzoeksportaal.", "entity_type": "organisation", "origin": "managed", "organisation_ids": [], "collaboration_ids": ["nts-ai-data"], "innovation_ids": [], "participant_ids": [], "member_ids": [], "atlas_kind_basis": "Functionele actorrol → atlasweergavetype; geen uitspraak over rechtsvorm", "portal_themes": ["ai", "digitale-autonomie", "innovatie-inkoop"], "editorial_status": "reviewed", "checked": "2026-09-10", "tht": false, "kvk": null, "staff": null, "atlas_origin": "managed_public_projection"}}, {"type": "Feature", "geometry": {"type": "Point", "coordinates": [4.29300083, 52.07207291]}, "properties": {"id": "nts-digital-holland", "name": "Digital Holland (Stichting TKI ICT)", "description": "Coördineert ICT-onderzoek en valorisatie via publiek-private samenwerking. NTS: regisseur van de Actieagenda AI & Data en de Actieagenda Cybersecurity Technologies.", "actor_types": ["research"], "themes": ["AI & algoritmen", "Data", "Veiligheid", "Digitale autonomie", "Innovatie & inkoop"], "website": "https://digital-holland.nl/over-ons", "country": "NL", "country_name": "Nederland", "city": "Den Haag", "province": "Zuid-Holland", "location": {"city": "Den Haag", "province": "Zuid-Holland", "lat": 52.07207291, "lon": 4.29300083, "id": "wpl-3597581be599a52df395ce19248ab9f5", "coordinate_source": "https://api.pdok.nl/bzk/locatieserver/search/v3_1/free?rows=20&q=%27s-Gravenhage&fq=type%3Awoonplaats", "precision": "city", "label": "Den Haag (bij benadering, stadsniveau)", "country": "NL", "provider": "PDOK", "checked": "2026-09-10", "source_ids": ["nts-digital-holland-city", "nts-pdok-docs"], "note": "Stadpunt ter oriëntatie; geen exact kantooradres."}, "source_ids": ["nts-digital-holland-identity", "nts-digital-holland-about", "nts-digital-holland-city", "nts-digital-development", "nts-pdok-docs"], "reviewed_at": "2026-09-10", "status": "researched", "aliases": ["Digital Holland", "Stichting TKI ICT", "Topsector ICT"], "kind": "knowledge", "govtech_basis": "Functionele kennisrol vanwege coördinatie en ondersteuning van ICT-onderzoek en kennisvalorisatie. Dit is de uitvoerende stichting, niet het volledige PPS-ecosysteem; er wordt geen eigen laboratoriumonderzoek geclaimd.", "entity_type": "organisation", "origin": "managed", "organisation_ids": [], "collaboration_ids": ["nts-ai-data"], "innovation_ids": [], "participant_ids": [], "member_ids": [], "atlas_kind_basis": "Functionele actorrol → atlasweergavetype; geen uitspraak over rechtsvorm", "portal_themes": ["ai", "data", "veiligheid", "digitale-autonomie", "innovatie-inkoop"], "editorial_status": "reviewed", "checked": "2026-09-10", "tht": false, "kvk": null, "staff": null, "atlas_origin": "managed_public_projection"}}, {"type": "Feature", "geometry": {"type": "Point", "coordinates": [4.29300083, 52.07207291]}, "properties": {"id": "nds-ministerie-bzk", "name": "Ministerie van Binnenlandse Zaken en Koninkrijksrelaties (BZK)", "actor_types": ["government"], "themes": ["Data", "Proactieve & toegankelijke dienstverlening", "Digitale autonomie"], "description": "Ministerie dat de NDS in 2025 voorbereidde en betrokken is bij de uitvoering van de Interbestuurlijke Datastrategie en het Federatief Datastelsel. De overkoepelende NDS-verantwoordelijkheid ligt sinds 2026 bij EZK.", "website": "https://www.rijksoverheid.nl/ministeries/ministerie-van-binnenlandse-zaken-en-koninkrijksrelaties", "country": "NL", "source_ids": ["nds-bzk-address", "nds-strategy-2025", "nds-ibds-current", "nds-hwh-berap-2026", "nds-council-ended"], "reviewed_at": "2026-09-10", "status": "researched", "kind": "government", "ecosystem_scope": "NL", "aliases": ["BZK", "Binnenlandse Zaken"], "city": "Den Haag", "location": {"city": "Den Haag", "country": "NL", "province": "Zuid-Holland", "lat": 52.07207291, "lon": 4.29300083, "precision": "city", "coordinate_source": "https://api.pdok.nl/bzk/locatieserver/search/v3_1/free?rows=20&q=%27s-Gravenhage&fq=type%3Awoonplaats", "provider": "PDOK", "id": "wpl-3597581be599a52df395ce19248ab9f5", "source_ids": ["nds-bzk-address", "nds-pdok-den-haag"], "note": "Benadering op stadsniveau; geen exact kantoor- of projectadres.  Stadpunt ter oriëntatie; geen exact kantooradres.", "label": "Den Haag (bij benadering, stadsniveau)"}, "province": "Zuid-Holland", "entity_type": "organisation", "origin": "managed", "organisation_ids": [], "collaboration_ids": ["nds-federatief-datastelsel", "nds-nederlandse-digitaliseringsstrategie"], "innovation_ids": ["solution-gpt-nl-gem-pilot", "solution-municipal-haal-centraal", "solution-municipal-mijnservices", "solution-municipal-nl-design-system"], "participant_ids": [], "member_ids": [], "atlas_kind_basis": "Functionele actorrol → atlasweergavetype; geen uitspraak over rechtsvorm", "portal_themes": ["data", "dienstverlening", "digitale-autonomie"], "editorial_status": "reviewed", "checked": "2026-09-10", "tht": false, "kvk": null, "staff": null, "atlas_origin": "managed_public_projection"}}, {"type": "Feature", "geometry": {"type": "Point", "coordinates": [4.29300083, 52.07207291]}, "properties": {"id": "nds-ministerie-ezk", "name": "Ministerie van Economische Zaken en Klimaat (EZK)", "actor_types": ["government"], "themes": ["Digitale autonomie", "Innovatie & inkoop", "AI & algoritmen"], "description": "Ministerie waaronder in 2026 de digitale economie, overheid en samenleving samenkomen. EZK is verantwoordelijk voor de Nederlandse Digitaliseringsstrategie (NDS); uitvoering vraagt samenwerking tussen overheidslagen en publieke dienstverleners.", "website": "https://www.rijksoverheid.nl/ministeries/ministerie-van-economische-zaken-en-klimaat", "country": "NL", "source_ids": ["nds-ezk-address", "nds-council-ended"], "reviewed_at": "2026-09-10", "status": "researched", "kind": "government", "ecosystem_scope": "NL", "aliases": ["EZK", "Ministerie van Economische Zaken", "EZ"], "city": "Den Haag", "location": {"city": "Den Haag", "country": "NL", "province": "Zuid-Holland", "lat": 52.07207291, "lon": 4.29300083, "precision": "city", "coordinate_source": "https://api.pdok.nl/bzk/locatieserver/search/v3_1/free?rows=20&q=%27s-Gravenhage&fq=type%3Awoonplaats", "provider": "PDOK", "id": "wpl-3597581be599a52df395ce19248ab9f5", "source_ids": ["nds-ezk-address", "nds-pdok-den-haag"], "note": "Benadering op stadsniveau; geen exact kantoor- of projectadres.  Stadpunt ter oriëntatie; geen exact kantooradres.", "label": "Den Haag (bij benadering, stadsniveau)"}, "province": "Zuid-Holland", "entity_type": "organisation", "origin": "managed", "organisation_ids": [], "collaboration_ids": ["nds-nederlandse-digitaliseringsstrategie"], "innovation_ids": [], "participant_ids": [], "member_ids": [], "atlas_kind_basis": "Functionele actorrol → atlasweergavetype; geen uitspraak over rechtsvorm", "portal_themes": ["digitale-autonomie", "innovatie-inkoop", "ai"], "editorial_status": "reviewed", "checked": "2026-09-10", "tht": false, "kvk": null, "staff": null, "atlas_origin": "managed_public_projection"}}, {"type": "Feature", "geometry": {"type": "Point", "coordinates": [4.29300083, 52.07207291]}, "properties": {"id": "nds-ipo", "name": "Interprovinciaal Overleg (IPO)", "actor_types": ["government"], "themes": ["Data", "Digitale autonomie"], "description": "Vereniging van de twaalf provincies voor gezamenlijke belangenbehartiging en kennisuitwisseling. IPO is expliciet betrokken bij de bestuurlijke totstandkoming van de NDS en tekende een intentieverklaring voor het FDS. De overheidsrol is functioneel: IPO is een privaatrechtelijke vereniging, geen bestuursorgaan.", "website": "https://www.ipo.nl/over-het-ipo/", "country": "NL", "source_ids": ["nds-ipo-about", "nds-timeline", "nds-fds-intentions"], "reviewed_at": "2026-09-10", "status": "researched", "kind": "government", "ecosystem_scope": "NL", "aliases": ["IPO"], "city": "Den Haag", "location": {"city": "Den Haag", "country": "NL", "province": "Zuid-Holland", "lat": 52.07207291, "lon": 4.29300083, "precision": "city", "coordinate_source": "https://api.pdok.nl/bzk/locatieserver/search/v3_1/free?rows=20&q=%27s-Gravenhage&fq=type%3Awoonplaats", "provider": "PDOK", "id": "wpl-3597581be599a52df395ce19248ab9f5", "source_ids": ["nds-ipo-about", "nds-pdok-den-haag"], "note": "Benadering op stadsniveau; geen exact kantoor- of projectadres.  Stadpunt ter oriëntatie; geen exact kantooradres.", "label": "Den Haag (bij benadering, stadsniveau)"}, "province": "Zuid-Holland", "entity_type": "organisation", "origin": "managed", "organisation_ids": [], "collaboration_ids": ["nds-federatief-datastelsel", "nds-nederlandse-digitaliseringsstrategie", "provincial-informatiehuishouding-2026-2030", "provincial-nds-samenwerking"], "innovation_ids": [], "participant_ids": [], "member_ids": [], "atlas_kind_basis": "Functionele actorrol → atlasweergavetype; geen uitspraak over rechtsvorm", "portal_themes": ["data", "digitale-autonomie"], "editorial_status": "reviewed", "checked": "2026-09-10", "tht": false, "kvk": null, "staff": null, "atlas_origin": "managed_public_projection"}}, {"type": "Feature", "geometry": {"type": "Point", "coordinates": [4.29300083, 52.07207291]}, "properties": {"id": "nds-unie-van-waterschappen", "name": "Unie van Waterschappen", "actor_types": ["government"], "themes": ["Data", "Digitale autonomie"], "description": "Vereniging die Nederlandse waterschappen vertegenwoordigt en samenwerking stimuleert. De Unie is bestuurlijk betrokken bij de NDS en tekende een intentieverklaring voor het FDS. De functionele overheidsrol volgt uit vertegenwoordiging van waterschappen; de vereniging is onderscheiden van Het Waterschapshuis.", "website": "https://unievanwaterschappen.nl/over-de-unie/", "country": "NL", "source_ids": ["nds-uvw-about", "nds-uvw-contact", "nds-timeline", "nds-fds-intentions"], "reviewed_at": "2026-09-10", "status": "researched", "kind": "government", "ecosystem_scope": "NL", "aliases": ["UvW", "UVW"], "city": "Den Haag", "location": {"city": "Den Haag", "country": "NL", "province": "Zuid-Holland", "lat": 52.07207291, "lon": 4.29300083, "precision": "city", "coordinate_source": "https://api.pdok.nl/bzk/locatieserver/search/v3_1/free?rows=20&q=%27s-Gravenhage&fq=type%3Awoonplaats", "provider": "PDOK", "id": "wpl-3597581be599a52df395ce19248ab9f5", "source_ids": ["nds-uvw-contact", "nds-pdok-den-haag"], "note": "Benadering op stadsniveau; geen exact kantoor- of projectadres.  Stadpunt ter oriëntatie; geen exact kantooradres.", "label": "Den Haag (bij benadering, stadsniveau)"}, "province": "Zuid-Holland", "entity_type": "organisation", "origin": "managed", "organisation_ids": [], "collaboration_ids": ["nds-federatief-datastelsel", "nds-nederlandse-digitaliseringsstrategie"], "innovation_ids": [], "participant_ids": [], "member_ids": [], "atlas_kind_basis": "Functionele actorrol → atlasweergavetype; geen uitspraak over rechtsvorm", "portal_themes": ["data", "digitale-autonomie"], "editorial_status": "reviewed", "checked": "2026-09-10", "tht": false, "kvk": null, "staff": null, "atlas_origin": "managed_public_projection"}}, {"type": "Feature", "geometry": {"type": "Point", "coordinates": [5.38941304, 52.16815655]}, "properties": {"id": "nds-het-waterschapshuis", "name": "Het Waterschapshuis", "actor_types": ["government"], "themes": ["Data", "Veiligheid", "Digitale autonomie"], "description": "Regie- en uitvoeringsorganisatie voor ICT van de Nederlandse waterschappen. In februari 2026 werd Het Waterschapshuis namens de waterschappen FDS-deelnemer. Via deze gegevensvoorziening is het inhoudelijk verbonden met de NDS-prioriteit Data.", "website": "https://www.hetwaterschapshuis.nl/", "country": "NL", "source_ids": ["nds-hwh-address", "nds-hwh-berap-2026", "nds-ibds-current"], "reviewed_at": "2026-09-10", "status": "researched", "kind": "government", "ecosystem_scope": "NL", "aliases": ["hWh", "HWH"], "city": "Amersfoort", "location": {"city": "Amersfoort", "country": "NL", "province": "Utrecht", "lat": 52.16815655, "lon": 5.38941304, "precision": "city", "coordinate_source": "https://api.pdok.nl/bzk/locatieserver/search/v3_1/free?rows=20&q=Amersfoort&fq=type%3Awoonplaats", "provider": "PDOK", "id": "wpl-f31266cefb205e1ce873f4dc2c68315d", "source_ids": ["nds-hwh-address", "nds-pdok-amersfoort"], "note": "Benadering op stadsniveau; geen exact kantoor- of projectadres.  Stadpunt ter oriëntatie; geen exact kantooradres.", "label": "Amersfoort (bij benadering, stadsniveau)"}, "province": "Utrecht", "entity_type": "organisation", "origin": "managed", "organisation_ids": [], "collaboration_ids": ["nds-federatief-datastelsel", "nds-nederlandse-digitaliseringsstrategie"], "innovation_ids": [], "participant_ids": [], "member_ids": [], "atlas_kind_basis": "Functionele actorrol → atlasweergavetype; geen uitspraak over rechtsvorm", "portal_themes": ["data", "veiligheid", "digitale-autonomie"], "editorial_status": "reviewed", "checked": "2026-09-10", "tht": false, "kvk": null, "staff": null, "atlas_origin": "managed_public_projection"}}, {"type": "Feature", "geometry": {"type": "Point", "coordinates": [4.29300083, 52.07207291]}, "properties": {"id": "nds-rvig", "name": "Rijksdienst voor Identiteitsgegevens (RvIG)", "actor_types": ["government"], "themes": ["Data", "Proactieve & toegankelijke dienstverlening"], "description": "Rijksdienst voor betrouwbare identiteitsgegevens, waaronder BRP, BSN en reisdocumenten. RvIG tekende een FDS-intentieverklaring en is via dit afsprakenstelsel inhoudelijk verbonden met de NDS. Een intentie is geen bewijs van volledige technische aansluiting.", "website": "https://www.rvig.nl/over-ons", "country": "NL", "source_ids": ["nds-rvig-register", "nds-rvig-about", "nds-fds-intentions", "nds-ibds-current"], "reviewed_at": "2026-09-10", "status": "researched", "kind": "government", "ecosystem_scope": "NL", "aliases": ["RvIG"], "city": "Den Haag", "location": {"city": "Den Haag", "country": "NL", "province": "Zuid-Holland", "lat": 52.07207291, "lon": 4.29300083, "precision": "city", "coordinate_source": "https://api.pdok.nl/bzk/locatieserver/search/v3_1/free?rows=20&q=%27s-Gravenhage&fq=type%3Awoonplaats", "provider": "PDOK", "id": "wpl-3597581be599a52df395ce19248ab9f5", "source_ids": ["nds-rvig-register", "nds-pdok-den-haag"], "note": "Benadering op stadsniveau; geen exact kantoor- of projectadres.  Stadpunt ter oriëntatie; geen exact kantooradres.", "label": "Den Haag (bij benadering, stadsniveau)"}, "province": "Zuid-Holland", "entity_type": "organisation", "origin": "managed", "organisation_ids": [], "collaboration_ids": ["nds-federatief-datastelsel", "nds-nederlandse-digitaliseringsstrategie"], "innovation_ids": ["solution-municipal-haal-centraal"], "participant_ids": [], "member_ids": [], "atlas_kind_basis": "Functionele actorrol → atlasweergavetype; geen uitspraak over rechtsvorm", "portal_themes": ["data", "dienstverlening"], "editorial_status": "reviewed", "checked": "2026-09-10", "tht": false, "kvk": null, "staff": null, "atlas_origin": "managed_public_projection"}}, {"type": "Feature", "geometry": {"type": "Point", "coordinates": [4.29300083, 52.07207291]}, "properties": {"id": "nds-cbs", "name": "Centraal Bureau voor de Statistiek (CBS)", "actor_types": ["government"], "themes": ["Data"], "description": "Zelfstandig bestuursorgaan voor officiële statistiek. CBS wordt in de bestuursrapportage 2026 van Het Waterschapshuis genoemd als FDS-deelnemer en is daarmee verbonden met de NDS-uitvoering rond datadeling.", "website": "https://www.cbs.nl/nl-nl/over-ons/dit-zijn-wij/onze-organisatie", "country": "NL", "source_ids": ["nds-cbs-about", "nds-cbs-address", "nds-hwh-berap-2026", "nds-ibds-current"], "reviewed_at": "2026-09-10", "status": "researched", "kind": "government", "ecosystem_scope": "NL", "aliases": ["CBS"], "city": "Den Haag", "location": {"city": "Den Haag", "country": "NL", "province": "Zuid-Holland", "lat": 52.07207291, "lon": 4.29300083, "precision": "city", "coordinate_source": "https://api.pdok.nl/bzk/locatieserver/search/v3_1/free?rows=20&q=%27s-Gravenhage&fq=type%3Awoonplaats", "provider": "PDOK", "id": "wpl-3597581be599a52df395ce19248ab9f5", "source_ids": ["nds-cbs-address", "nds-pdok-den-haag"], "note": "Benadering op stadsniveau; geen exact kantoor- of projectadres. Officiële vestiging Den Haag; CBS heeft ook andere vestigingen. Stadpunt ter oriëntatie; geen exact kantooradres.", "label": "Den Haag (bij benadering, stadsniveau)"}, "province": "Zuid-Holland", "entity_type": "organisation", "origin": "managed", "organisation_ids": [], "collaboration_ids": ["nds-federatief-datastelsel", "nds-nederlandse-digitaliseringsstrategie"], "innovation_ids": [], "participant_ids": [], "member_ids": [], "atlas_kind_basis": "Functionele actorrol → atlasweergavetype; geen uitspraak over rechtsvorm", "portal_themes": ["data"], "editorial_status": "reviewed", "checked": "2026-09-10", "tht": false, "kvk": null, "staff": null, "atlas_origin": "managed_public_projection"}}, {"type": "Feature", "geometry": {"type": "Point", "coordinates": [5.9737347, 52.21083598]}, "properties": {"id": "nds-kadaster", "name": "Kadaster", "actor_types": ["government"], "themes": ["Data"], "description": "Publieke organisatie voor vastgoedregistratie en geografische informatie. Kadaster is aantoonbaar deelnemer aan het Federatief Datastelsel, een uitwerking van de NDS-prioriteit Data.", "website": "https://www.kadaster.nl/over-ons", "country": "NL", "source_ids": ["nds-kadaster-about", "nds-kadaster-address", "nds-hwh-berap-2026", "nds-ibds-current"], "reviewed_at": "2026-09-10", "status": "researched", "kind": "government", "ecosystem_scope": "NL", "city": "Apeldoorn", "location": {"city": "Apeldoorn", "country": "NL", "province": "Gelderland", "lat": 52.21083598, "lon": 5.9737347, "precision": "city", "coordinate_source": "https://api.pdok.nl/bzk/locatieserver/search/v3_1/free?rows=20&q=Apeldoorn&fq=type%3Awoonplaats", "provider": "PDOK", "id": "wpl-0bec2fbac4d93b0212919b83b1e08f00", "source_ids": ["nds-kadaster-address", "nds-pdok-apeldoorn"], "note": "Benadering op stadsniveau; geen exact kantoor- of projectadres.  Stadpunt ter oriëntatie; geen exact kantooradres.", "label": "Apeldoorn (bij benadering, stadsniveau)"}, "province": "Gelderland", "entity_type": "organisation", "origin": "managed", "organisation_ids": [], "collaboration_ids": ["nds-federatief-datastelsel", "nds-nederlandse-digitaliseringsstrategie"], "innovation_ids": ["solution-municipal-haal-centraal"], "participant_ids": [], "member_ids": [], "atlas_kind_basis": "Functionele actorrol → atlasweergavetype; geen uitspraak over rechtsvorm", "portal_themes": ["data"], "editorial_status": "reviewed", "checked": "2026-09-10", "tht": false, "kvk": null, "staff": null, "atlas_origin": "managed_public_projection"}}, {"type": "Feature", "geometry": {"type": "Point", "coordinates": [5.09520363, 52.0886922]}, "properties": {"id": "nds-kvk", "name": "Kamer van Koophandel (KVK)", "actor_types": ["government"], "themes": ["Data", "Proactieve & toegankelijke dienstverlening"], "description": "Publieke dienstverlener voor ondernemers en beheerder van onder meer het Handelsregister. KVK tekende een FDS-intentieverklaring; die ontwikkelrelatie verbindt de organisatie met de NDS-prioriteit Data, zonder volledige aansluiting te veronderstellen.", "website": "https://www.kvk.nl/over-kvk/", "country": "NL", "source_ids": ["nds-kvk-about", "nds-kvk-address", "nds-fds-intentions", "nds-ibds-current"], "reviewed_at": "2026-09-10", "status": "researched", "kind": "government", "ecosystem_scope": "NL", "aliases": ["KVK", "KvK"], "city": "Utrecht", "location": {"city": "Utrecht", "country": "NL", "province": "Utrecht", "lat": 52.0886922, "lon": 5.09520363, "precision": "city", "coordinate_source": "https://api.pdok.nl/bzk/locatieserver/search/v3_1/free?rows=20&q=Utrecht&fq=type%3Awoonplaats", "provider": "PDOK", "id": "wpl-d7676180b7f172bcb7356429b19563a5", "source_ids": ["nds-kvk-address", "nds-pdok-utrecht"], "note": "Benadering op stadsniveau; geen exact kantoor- of projectadres. Gecontroleerd kantoor Utrecht; geen beperking van de landelijke dienstverlening. Stadpunt ter oriëntatie; geen exact kantooradres.", "label": "Utrecht (bij benadering, stadsniveau)"}, "province": "Utrecht", "entity_type": "organisation", "origin": "managed", "organisation_ids": [], "collaboration_ids": ["nds-federatief-datastelsel", "nds-nederlandse-digitaliseringsstrategie"], "innovation_ids": [], "participant_ids": [], "member_ids": [], "atlas_kind_basis": "Functionele actorrol → atlasweergavetype; geen uitspraak over rechtsvorm", "portal_themes": ["data", "dienstverlening"], "editorial_status": "reviewed", "checked": "2026-09-10", "tht": false, "kvk": null, "staff": null, "atlas_origin": "managed_public_projection"}}, {"type": "Feature", "geometry": {"type": "Point", "coordinates": [4.29300083, 52.07207291]}, "properties": {"id": "nds-cak", "name": "CAK", "actor_types": ["government"], "themes": ["Proactieve & toegankelijke dienstverlening"], "description": "Publieke dienstverlener voor wettelijke regelingen rond zorg en welzijn. CAK werkt via de Manifestgroep met de KB en bibliotheken aan ondersteuning bij digitale overheidszaken. Deze IDO-uitvoering sluit aan op de loketfunctie in de NDS.", "website": "https://www.hetcak.nl/over-cak/", "country": "NL", "source_ids": ["nds-cak-about", "nds-cak-address", "nds-kb-ido-partners", "nds-parliament-1401"], "reviewed_at": "2026-09-10", "status": "researched", "kind": "government", "ecosystem_scope": "NL", "aliases": ["Het CAK"], "city": "Den Haag", "location": {"city": "Den Haag", "country": "NL", "province": "Zuid-Holland", "lat": 52.07207291, "lon": 4.29300083, "precision": "city", "coordinate_source": "https://api.pdok.nl/bzk/locatieserver/search/v3_1/free?rows=20&q=%27s-Gravenhage&fq=type%3Awoonplaats", "provider": "PDOK", "id": "wpl-3597581be599a52df395ce19248ab9f5", "source_ids": ["nds-cak-address", "nds-pdok-den-haag"], "note": "Benadering op stadsniveau; geen exact kantoor- of projectadres.  Stadpunt ter oriëntatie; geen exact kantooradres.", "label": "Den Haag (bij benadering, stadsniveau)"}, "province": "Zuid-Holland", "entity_type": "organisation", "origin": "managed", "organisation_ids": [], "collaboration_ids": ["nds-informatiepunten-digitale-overheid", "nds-nederlandse-digitaliseringsstrategie"], "innovation_ids": [], "participant_ids": [], "member_ids": [], "atlas_kind_basis": "Functionele actorrol → atlasweergavetype; geen uitspraak over rechtsvorm", "portal_themes": ["dienstverlening"], "editorial_status": "reviewed", "checked": "2026-09-10", "tht": false, "kvk": null, "staff": null, "atlas_origin": "managed_public_projection"}}, {"type": "Feature", "geometry": {"type": "Point", "coordinates": [4.90454379, 52.37344272]}, "properties": {"id": "nds-uwv", "name": "Uitvoeringsinstituut Werknemersverzekeringen (UWV)", "actor_types": ["government"], "themes": ["Proactieve & toegankelijke dienstverlening", "Data"], "description": "Publieke uitvoeringsorganisatie, betrokken bij ondersteuning rond digitale overheidsdiensten via bibliotheken. Een UWV-bestuurder zit in 2026 het NDS-aanjaagteam Data voor. De kaart beschrijft organisatiebetrokkenheid en maakt daarvan geen lidmaatschap van de gestopte NDS-Raad.", "website": "https://www.uwv.nl/nl/over-uwv", "country": "NL", "source_ids": ["nds-uwv-address", "nds-kb-ido-partners", "nds-uwv-nds-data"], "reviewed_at": "2026-09-10", "status": "researched", "kind": "government", "ecosystem_scope": "NL", "aliases": ["UWV"], "city": "Amsterdam", "location": {"city": "Amsterdam", "country": "NL", "province": "Noord-Holland", "lat": 52.37344272, "lon": 4.90454379, "precision": "city", "coordinate_source": "https://api.pdok.nl/bzk/locatieserver/search/v3_1/free?rows=20&q=Amsterdam&fq=type%3Awoonplaats", "provider": "PDOK", "id": "wpl-62fe60a4eea50b7c33ba3d9c39a21e6a", "source_ids": ["nds-uwv-address", "nds-pdok-amsterdam"], "note": "Benadering op stadsniveau; geen exact kantoor- of projectadres.  Stadpunt ter oriëntatie; geen exact kantooradres.", "label": "Amsterdam (bij benadering, stadsniveau)"}, "province": "Noord-Holland", "entity_type": "organisation", "origin": "managed", "organisation_ids": [], "collaboration_ids": ["nds-informatiepunten-digitale-overheid", "nds-nederlandse-digitaliseringsstrategie"], "innovation_ids": [], "participant_ids": [], "member_ids": [], "atlas_kind_basis": "Functionele actorrol → atlasweergavetype; geen uitspraak over rechtsvorm", "portal_themes": ["dienstverlening", "data"], "editorial_status": "reviewed", "checked": "2026-09-10", "tht": false, "kvk": null, "staff": null, "atlas_origin": "managed_public_projection"}}, {"type": "Feature", "geometry": {"type": "Point", "coordinates": [4.85148663, 52.28926595]}, "properties": {"id": "nds-svb", "name": "Sociale Verzekeringsbank (SVB)", "actor_types": ["government"], "themes": ["Proactieve & toegankelijke dienstverlening"], "description": "Zelfstandig bestuursorgaan en publieke dienstverlener. SVB werkt via de Manifestgroep met de KB en lokale bibliotheken aan hulp bij digitale overheidszaken. De inhoudelijke NDS-relatie loopt via de Informatiepunten Digitale Overheid.", "website": "https://www.svb.nl/", "country": "NL", "source_ids": ["nds-svb-address", "nds-kb-ido-partners", "nds-parliament-1401"], "reviewed_at": "2026-09-10", "status": "researched", "kind": "government", "ecosystem_scope": "NL", "aliases": ["SVB"], "city": "Amstelveen", "location": {"city": "Amstelveen", "country": "NL", "province": "Noord-Holland", "lat": 52.28926595, "lon": 4.85148663, "precision": "city", "coordinate_source": "https://api.pdok.nl/bzk/locatieserver/search/v3_1/free?rows=20&q=Amstelveen&fq=type%3Awoonplaats", "provider": "PDOK", "id": "wpl-58464a6034dfeb146f5945a2a1654c0a", "source_ids": ["nds-svb-address", "nds-pdok-amstelveen"], "note": "Benadering op stadsniveau; geen exact kantoor- of projectadres.  Stadpunt ter oriëntatie; geen exact kantooradres.", "label": "Amstelveen (bij benadering, stadsniveau)"}, "province": "Noord-Holland", "entity_type": "organisation", "origin": "managed", "organisation_ids": [], "collaboration_ids": ["nds-informatiepunten-digitale-overheid", "nds-nederlandse-digitaliseringsstrategie"], "innovation_ids": [], "participant_ids": [], "member_ids": [], "atlas_kind_basis": "Functionele actorrol → atlasweergavetype; geen uitspraak over rechtsvorm", "portal_themes": ["dienstverlening"], "editorial_status": "reviewed", "checked": "2026-09-10", "tht": false, "kvk": null, "staff": null, "atlas_origin": "managed_public_projection"}}, {"type": "Feature", "geometry": {"type": "Point", "coordinates": [4.29300083, 52.07207291]}, "properties": {"id": "nds-kb", "name": "KB, nationale bibliotheek", "actor_types": ["government"], "themes": ["Proactieve & toegankelijke dienstverlening"], "description": "Nationale bibliotheek die lokale bibliotheken ondersteunt bij Informatiepunten Digitale Overheid, onder meer met training en landelijke bekendheid. Deze samenwerking geeft praktische invulling aan toegankelijke dienstverlening, waar de NDS-loketfunctie op voortbouwt.", "website": "https://www.kb.nl/over-ons/netwerken-partners/manifestgroep", "country": "NL", "source_ids": ["nds-kb-address", "nds-kb-ido-partners", "nds-parliament-1401", "nds-kb-zbo"], "reviewed_at": "2026-09-10", "status": "researched", "kind": "government", "ecosystem_scope": "NL", "aliases": ["Koninklijke Bibliotheek", "KB"], "city": "Den Haag", "location": {"city": "Den Haag", "country": "NL", "province": "Zuid-Holland", "lat": 52.07207291, "lon": 4.29300083, "precision": "city", "coordinate_source": "https://api.pdok.nl/bzk/locatieserver/search/v3_1/free?rows=20&q=%27s-Gravenhage&fq=type%3Awoonplaats", "provider": "PDOK", "id": "wpl-3597581be599a52df395ce19248ab9f5", "source_ids": ["nds-kb-address", "nds-pdok-den-haag"], "note": "Benadering op stadsniveau; geen exact kantoor- of projectadres.  Stadpunt ter oriëntatie; geen exact kantooradres.", "label": "Den Haag (bij benadering, stadsniveau)"}, "province": "Zuid-Holland", "entity_type": "organisation", "origin": "managed", "organisation_ids": [], "collaboration_ids": ["nds-informatiepunten-digitale-overheid", "nds-nederlandse-digitaliseringsstrategie"], "innovation_ids": [], "participant_ids": [], "member_ids": [], "atlas_kind_basis": "Functionele actorrol → atlasweergavetype; geen uitspraak over rechtsvorm", "portal_themes": ["dienstverlening"], "editorial_status": "reviewed", "checked": "2026-09-10", "tht": false, "kvk": null, "staff": null, "atlas_origin": "managed_public_projection"}}, {"type": "Feature", "geometry": {"type": "Point", "coordinates": [5.09520363, 52.0886922]}, "properties": {"id": "nds-vob", "name": "Vereniging Openbare Bibliotheken (VOB)", "actor_types": ["ngo"], "themes": ["Proactieve & toegankelijke dienstverlening"], "description": "Branchevereniging van openbare bibliotheken. De regering noemt VOB expliciet als samenwerkingspartner rond de Informatiepunten Digitale Overheid. Via dit ondersteuningsnetwerk is VOB inhoudelijk gerelateerd aan de NDS-loketfunctie; er is geen algemene NDS-lidmaatschapsclaim.", "website": "https://www.debibliotheken.nl/", "country": "NL", "source_ids": ["nds-vob-address", "nds-ido-vob-government", "nds-parliament-1401"], "reviewed_at": "2026-09-10", "status": "researched", "kind": "support", "ecosystem_scope": "NL", "aliases": ["VOB", "Vereniging van Openbare Bibliotheken"], "city": "Utrecht", "location": {"city": "Utrecht", "country": "NL", "province": "Utrecht", "lat": 52.0886922, "lon": 5.09520363, "precision": "city", "coordinate_source": "https://api.pdok.nl/bzk/locatieserver/search/v3_1/free?rows=20&q=Utrecht&fq=type%3Awoonplaats", "provider": "PDOK", "id": "wpl-d7676180b7f172bcb7356429b19563a5", "source_ids": ["nds-vob-address", "nds-pdok-utrecht"], "note": "Benadering op stadsniveau; geen exact kantoor- of projectadres.  Stadpunt ter oriëntatie; geen exact kantooradres.", "label": "Utrecht (bij benadering, stadsniveau)"}, "province": "Utrecht", "entity_type": "organisation", "origin": "managed", "organisation_ids": [], "collaboration_ids": ["nds-informatiepunten-digitale-overheid", "nds-nederlandse-digitaliseringsstrategie"], "innovation_ids": [], "participant_ids": [], "member_ids": [], "atlas_kind_basis": "Functionele actorrol → atlasweergavetype; geen uitspraak over rechtsvorm", "portal_themes": ["dienstverlening"], "editorial_status": "reviewed", "checked": "2026-09-10", "tht": false, "kvk": null, "staff": null, "atlas_origin": "managed_public_projection"}}, {"type": "Feature", "geometry": {"type": "Point", "coordinates": [5.09520363, 52.0886922]}, "properties": {"id": "nds-surf", "name": "SURF", "actor_types": ["research"], "themes": ["AI & algoritmen", "Digitale autonomie", "Data"], "description": "ICT-coöperatie van het Nederlandse onderwijs en onderzoek. SURF ontwikkelt met TNO en NFI het taalmodel GPT-NL. De NDS noemt onderzoek naar gebruik en beproeving van GPT-NL; SURF is via deze ontwikkelrelatie betrokken, zonder veronderstelde overheidsbrede afname.", "website": "https://www.surf.nl/over", "country": "NL", "source_ids": ["nds-surf-about", "nds-surf-address", "nds-gpt-nl-tno", "nds-gpt-nl-government-2026"], "reviewed_at": "2026-09-10", "status": "researched", "kind": "knowledge", "ecosystem_scope": "NL", "aliases": ["Coöperatie SURF U.A."], "city": "Utrecht", "location": {"city": "Utrecht", "country": "NL", "province": "Utrecht", "lat": 52.0886922, "lon": 5.09520363, "precision": "city", "coordinate_source": "https://api.pdok.nl/bzk/locatieserver/search/v3_1/free?rows=20&q=Utrecht&fq=type%3Awoonplaats", "provider": "PDOK", "id": "wpl-d7676180b7f172bcb7356429b19563a5", "source_ids": ["nds-surf-address", "nds-pdok-utrecht"], "note": "Benadering op stadsniveau; geen exact kantoor- of projectadres. Coöperatievestiging Utrecht; dit is geen locatie van het taalmodel of de supercomputer. Stadpunt ter oriëntatie; geen exact kantooradres.", "label": "Utrecht (bij benadering, stadsniveau)"}, "province": "Utrecht", "entity_type": "organisation", "origin": "managed", "organisation_ids": [], "collaboration_ids": ["nds-nederlandse-digitaliseringsstrategie", "nts-ai-data"], "innovation_ids": ["solution-gpt-nl"], "participant_ids": [], "member_ids": [], "atlas_kind_basis": "Functionele actorrol → atlasweergavetype; geen uitspraak over rechtsvorm", "portal_themes": ["ai", "digitale-autonomie", "data"], "editorial_status": "reviewed", "checked": "2026-09-10", "tht": false, "kvk": null, "staff": null, "atlas_origin": "managed_public_projection"}}, {"type": "Feature", "geometry": {"type": "Point", "coordinates": [4.29300083, 52.07207291]}, "properties": {"id": "nds-nfi", "name": "Nederlands Forensisch Instituut (NFI)", "actor_types": ["government", "research"], "themes": ["AI & algoritmen", "Veiligheid", "Digitale autonomie"], "description": "Rijkskennisinstelling voor forensisch onderzoek, innovatie en kennisdeling. NFI ontwikkelt met TNO en SURF GPT-NL. Via dit taalmodel, dat in de NDS-uitvoering wordt genoemd, is het instituut betrokken bij soevereine AI.", "website": "https://www.forensischinstituut.nl/over-het-nfi", "country": "NL", "source_ids": ["nds-nfi-about", "nds-gpt-nl-tno", "nds-gpt-nl-government-2026"], "reviewed_at": "2026-09-10", "status": "researched", "kind": "knowledge", "ecosystem_scope": "NL", "aliases": ["NFI"], "city": "Den Haag", "location": {"city": "Den Haag", "country": "NL", "province": "Zuid-Holland", "lat": 52.07207291, "lon": 4.29300083, "precision": "city", "coordinate_source": "https://api.pdok.nl/bzk/locatieserver/search/v3_1/free?rows=20&q=%27s-Gravenhage&fq=type%3Awoonplaats", "provider": "PDOK", "id": "wpl-3597581be599a52df395ce19248ab9f5", "source_ids": ["nds-nfi-about", "nds-pdok-den-haag"], "note": "Benadering op stadsniveau; geen exact kantoor- of projectadres.  Stadpunt ter oriëntatie; geen exact kantooradres.", "label": "Den Haag (bij benadering, stadsniveau)"}, "province": "Zuid-Holland", "entity_type": "organisation", "origin": "managed", "organisation_ids": [], "collaboration_ids": ["nds-nederlandse-digitaliseringsstrategie"], "innovation_ids": ["solution-gpt-nl"], "participant_ids": [], "member_ids": [], "atlas_kind_basis": "Functionele actorrol → atlasweergavetype; geen uitspraak over rechtsvorm", "portal_themes": ["ai", "veiligheid", "digitale-autonomie"], "editorial_status": "reviewed", "checked": "2026-09-10", "tht": false, "kvk": null, "staff": null, "atlas_origin": "managed_public_projection"}}, {"type": "Feature", "geometry": {"type": "Point", "coordinates": [4.36310563, 51.99845672]}, "properties": {"id": "nds-kickstart-ai", "name": "Stichting Kickstart AI", "actor_types": ["ngo"], "themes": ["AI & algoritmen", "Innovatie & inkoop"], "description": "Non-profit stichting die praktische AI-projecten en kennisdeling organiseert. De NDS-beantwoording noemt samenwerking met Kickstart AI bij AI-opschaling. De stichting diende ook een eigen NDS-position paper in. Haar communityleden worden hier niet automatisch NDS-partner.", "website": "https://kickstart.ai/", "country": "NL", "source_ids": ["nds-kickstart-paper", "nds-kickstart-contact", "nds-parliament-1401"], "reviewed_at": "2026-09-10", "status": "researched", "kind": "support", "ecosystem_scope": "NL", "aliases": ["KickstartAI", "Kickstart AI"], "city": "Delft", "location": {"city": "Delft", "country": "NL", "province": "Zuid-Holland", "lat": 51.99845672, "lon": 4.36310563, "precision": "city", "coordinate_source": "https://api.pdok.nl/bzk/locatieserver/search/v3_1/free?rows=20&q=Delft&fq=type%3Awoonplaats", "provider": "PDOK", "id": "wpl-f91ebeb08f246f03b88604a8de071c2a", "source_ids": ["nds-kickstart-contact", "nds-pdok-delft"], "note": "Benadering op stadsniveau; geen exact kantoor- of projectadres.  Stadpunt ter oriëntatie; geen exact kantooradres.", "label": "Delft (bij benadering, stadsniveau)"}, "province": "Zuid-Holland", "entity_type": "organisation", "origin": "managed", "organisation_ids": [], "collaboration_ids": ["nds-nederlandse-digitaliseringsstrategie"], "innovation_ids": [], "participant_ids": [], "member_ids": [], "atlas_kind_basis": "Functionele actorrol → atlasweergavetype; geen uitspraak over rechtsvorm", "portal_themes": ["ai", "innovatie-inkoop"], "editorial_status": "reviewed", "checked": "2026-09-10", "tht": false, "kvk": null, "staff": null, "atlas_origin": "managed_public_projection"}}, {"type": "Feature", "geometry": {"type": "Point", "coordinates": [-75.69812, 45.41117]}, "properties": {"id": "ca-tbs", "name": "Treasury Board of Canada Secretariat", "description": "Federale organisatie voor overheidsbrede sturing; publiceert hulpmiddelen voor verantwoord algoritmegebruik, AI-transparantie en open overheidsdata.", "aliases": ["TBS"], "themes": ["AI & algoritmen", "Data", "Participatie"], "country": "CA", "website": "https://www.canada.ca/en/treasury-board-secretariat.html", "source_ids": ["ca-src-aia-owner", "ca-src-ai-register", "ca-src-open-portal-policy", "ca-src-office-city-tbs"], "reviewed_at": "2026-09-18", "status": "researched", "location": {"city": "Ottawa", "country": "CA", "province": "Ontario", "lat": 45.41117, "lon": -75.69812, "precision": "city", "coordinate_source": "https://download.geonames.org/export/dump/cities15000.zip", "provider": "GeoNames", "id": "6094817", "source_ids": ["ca-src-office-city-tbs", "ca-src-geonames-ottawa-gatineau"], "note": "Benadering op stadsniveau van een officieel genoemd contactkantoor; geen exact kantooradres of locatie van alle landelijke diensten. Stadpunt ter oriëntatie; geen exact kantooradres.", "label": "Ottawa (bij benadering, stadsniveau)"}, "actor_types": ["government"], "kind": "government", "govtech_basis": "Een selectie van functies is betrokken bij aangekondigde Digital Transformation Canada-transitie; geen volledige fusie afgeleid.", "city": "Ottawa", "province": "Ontario", "entity_type": "organisation", "origin": "managed", "organisation_ids": [], "collaboration_ids": [], "innovation_ids": ["solution-ca-algorithmic-impact-assessment", "solution-ca-gc-ai-register", "solution-ca-open-government-portal"], "participant_ids": [], "member_ids": [], "atlas_kind_basis": "Functionele actorrol → atlasweergavetype; geen uitspraak over rechtsvorm", "portal_themes": ["ai", "data", "participatie"], "editorial_status": "reviewed", "checked": "2026-09-18", "tht": false, "kvk": null, "staff": null, "atlas_origin": "managed_public_projection"}}, {"type": "Feature", "geometry": {"type": "Point", "coordinates": [-75.69812, 45.41117]}, "properties": {"id": "ca-ised", "name": "Innovation, Science and Economic Development Canada", "description": "Federaal departement dat onder meer innovatie via publieke uitdagingen en proefinkoop ondersteunt.", "aliases": ["ISED"], "themes": ["Innovatie & inkoop", "Proactieve & toegankelijke dienstverlening"], "country": "CA", "website": "https://ised-isde.canada.ca/", "source_ids": ["ca-src-isc-testing", "ca-src-isc-challenge", "ca-src-office-city-ised"], "reviewed_at": "2026-09-18", "status": "researched", "location": {"city": "Ottawa", "country": "CA", "province": "Ontario", "lat": 45.41117, "lon": -75.69812, "precision": "city", "coordinate_source": "https://download.geonames.org/export/dump/cities15000.zip", "provider": "GeoNames", "id": "6094817", "source_ids": ["ca-src-office-city-ised", "ca-src-geonames-ottawa-gatineau"], "note": "Benadering op stadsniveau van een officieel genoemd contactkantoor; geen exact kantooradres of locatie van alle landelijke diensten. Stadpunt ter oriëntatie; geen exact kantooradres.", "label": "Ottawa (bij benadering, stadsniveau)"}, "actor_types": ["government"], "kind": "government", "govtech_basis": "Publieke rol op basis van de in primaire bronnen beschreven federale taak.", "city": "Ottawa", "province": "Ontario", "entity_type": "organisation", "origin": "managed", "organisation_ids": [], "collaboration_ids": ["ca-eu-digital-partnership", "ca-innovative-solutions-canada"], "innovation_ids": [], "participant_ids": [], "member_ids": [], "atlas_kind_basis": "Functionele actorrol → atlasweergavetype; geen uitspraak over rechtsvorm", "portal_themes": ["innovatie-inkoop", "dienstverlening"], "editorial_status": "reviewed", "checked": "2026-09-18", "tht": false, "kvk": null, "staff": null, "atlas_origin": "managed_public_projection"}}, {"type": "Feature", "geometry": {"type": "Point", "coordinates": [-75.70164, 45.47723]}, "properties": {"id": "ca-pspc", "name": "Public Services and Procurement Canada", "description": "Federale inkooporganisatie achter CanadaBuys en contractpartner voor proeven binnen Innovative Solutions Canada.", "aliases": ["PSPC"], "themes": ["Innovatie & inkoop", "Data", "Proactieve & toegankelijke dienstverlening"], "country": "CA", "website": "https://www.canada.ca/en/public-services-procurement.html", "source_ids": ["ca-src-canadabuys", "ca-src-isc-roadmap", "ca-src-dtc-announcement", "ca-src-office-city-pspc"], "reviewed_at": "2026-09-18", "status": "researched", "location": {"city": "Gatineau", "country": "CA", "province": "Québec", "lat": 45.47723, "lon": -75.70164, "precision": "city", "coordinate_source": "https://download.geonames.org/export/dump/cities15000.zip", "provider": "GeoNames", "id": "5959974", "source_ids": ["ca-src-office-city-pspc", "ca-src-geonames-ottawa-gatineau"], "note": "Benadering op stadsniveau van een officieel genoemd contactkantoor; geen exact kantooradres of locatie van alle landelijke diensten. Stadpunt ter oriëntatie; geen exact kantooradres.", "label": "Gatineau (bij benadering, stadsniveau)"}, "actor_types": ["government"], "kind": "government", "govtech_basis": "Publieke rol op basis van de in primaire bronnen beschreven federale taak.", "city": "Gatineau", "province": "Québec", "entity_type": "organisation", "origin": "managed", "organisation_ids": [], "collaboration_ids": ["ca-innovative-solutions-canada"], "innovation_ids": ["solution-ca-canadabuys"], "participant_ids": [], "member_ids": [], "atlas_kind_basis": "Functionele actorrol → atlasweergavetype; geen uitspraak over rechtsvorm", "portal_themes": ["innovatie-inkoop", "data", "dienstverlening"], "editorial_status": "reviewed", "checked": "2026-09-18", "tht": false, "kvk": null, "staff": null, "atlas_origin": "managed_public_projection"}}, {"type": "Feature", "geometry": {"type": "Point", "coordinates": [-75.69812, 45.41117]}, "properties": {"id": "ca-nrc", "name": "National Research Council Canada", "description": "Federale onderzoeksorganisatie; ondersteunt de beoordeling van voorstellen binnen Innovative Solutions Canada.", "aliases": ["NRC"], "themes": ["Innovatie & inkoop", "Proactieve & toegankelijke dienstverlening"], "country": "CA", "website": "https://nrc.canada.ca/", "source_ids": ["ca-src-isc-testing", "ca-src-office-city-nrc"], "reviewed_at": "2026-09-18", "status": "researched", "location": {"city": "Ottawa", "country": "CA", "province": "Ontario", "lat": 45.41117, "lon": -75.69812, "precision": "city", "coordinate_source": "https://download.geonames.org/export/dump/cities15000.zip", "provider": "GeoNames", "id": "6094817", "source_ids": ["ca-src-office-city-nrc", "ca-src-geonames-ottawa-gatineau"], "note": "Benadering op stadsniveau van de door NRC genoemde corporate offices. Officiële FAQ heeft revisiedatum 20 maart 2019; geen onvoorwaardelijke actuele hoofdkantoorclaim en geen locatie van het volledige landelijke onderzoeksnetwerk. Stadpunt ter oriëntatie; geen exact kantooradres.", "label": "Ottawa (bij benadering, stadsniveau)"}, "actor_types": ["government", "research"], "kind": "government", "govtech_basis": "Publieke rol op basis van de in primaire bronnen beschreven federale taak. De stadsreferentie Ottawa berust op een officiële NRC-FAQ met revisiedatum 20 maart 2019; dit is een kantoorstad, geen onvoorwaardelijke actuele hoofdkantoorclaim.", "city": "Ottawa", "province": "Ontario", "entity_type": "organisation", "origin": "managed", "organisation_ids": [], "collaboration_ids": ["ca-innovative-solutions-canada"], "innovation_ids": [], "participant_ids": [], "member_ids": [], "atlas_kind_basis": "Functionele actorrol → atlasweergavetype; geen uitspraak over rechtsvorm", "portal_themes": ["innovatie-inkoop", "dienstverlening"], "editorial_status": "reviewed", "checked": "2026-09-18", "tht": false, "kvk": null, "staff": null, "atlas_origin": "managed_public_projection"}}, {"type": "Feature", "geometry": {"type": "Point", "coordinates": [-79.39864, 43.70643]}, "properties": {"id": "ca-diacc", "name": "Digital ID and Authentication Council of Canada", "description": "Non-profit netwerk dat publieke en private partijen samenbrengt rond digitale identiteit en het Pan-Canadian Trust Framework beheert.", "aliases": ["DIACC"], "themes": ["Veiligheid", "Data", "Digitale autonomie"], "country": "CA", "website": "https://diacc.ca/", "source_ids": ["ca-src-diacc-about", "ca-src-pctf", "ca-src-diacc-city", "ca-src-geonames-toronto"], "reviewed_at": "2026-09-18", "status": "researched", "location": {"city": "Toronto", "province": "Ontario", "country": "CA", "lat": 43.70643, "lon": -79.39864, "precision": "city", "coordinate_source": "https://www.geonames.org/6167865/toronto.html", "provider": "GeoNames", "source_ids": ["ca-src-diacc-city", "ca-src-geonames-toronto"], "label": "Toronto (bij benadering, stadsniveau)", "note": "Stadsreferentie bij het gepubliceerde organisatiecontactadres; geen exact kantooradres. Stadpunt ter oriëntatie; geen exact kantooradres."}, "city": "Toronto", "province": "Ontario", "actor_types": ["ngo"], "kind": "support", "govtech_basis": "DIACC verkoopt geen identiteitsdiensten en geeft zelf geen credentials uit; leden zijn niet automatisch gecertificeerd of deelnemer aan elk programma.", "entity_type": "organisation", "origin": "managed", "organisation_ids": [], "collaboration_ids": [], "innovation_ids": ["solution-ca-pctf"], "participant_ids": [], "member_ids": [], "atlas_kind_basis": "Functionele actorrol → atlasweergavetype; geen uitspraak over rechtsvorm", "portal_themes": ["veiligheid", "data", "digitale-autonomie"], "editorial_status": "reviewed", "checked": "2026-09-18", "tht": false, "kvk": null, "staff": null, "atlas_origin": "managed_public_projection"}}, {"type": "Feature", "geometry": {"type": "Point", "coordinates": [-79.39864, 43.70643]}, "properties": {"id": "ca-code-for-canada", "name": "Code for Canada", "description": "Non-profitorganisatie die overheden en maatschappelijke organisaties helpt publieke digitale diensten te ontwikkelen en eigen digitale vaardigheden op te bouwen. Werkt aan dienstverlening en publieke grip op technologie.", "themes": ["Proactieve & toegankelijke dienstverlening", "Digitale autonomie", "AI & algoritmen"], "website": "https://codefor.ca/", "country": "CA", "province": "Ontario", "source_ids": ["ca-prov-source-code-for-canada-1", "ca-prov-source-code-for-canada-3"], "reviewed_at": "2026-09-18", "status": "researched", "actor_types": ["ngo"], "aliases": ["C4C"], "city": "Toronto", "govtech_basis": "Concrete publieke toepassing: volgens de eigen casestudy van april 2025 ontwikkelde Code for Canada met RCMP NC3 een prototype voor de beoordeling van fraude- en cybercrimemeldingen. Het prototype werd overgedragen aan het RCMP-datateam; productie-inzet en een actuele overeenkomst zijn niet vastgesteld.", "location": {"city": "Toronto", "country": "CA", "province": "Ontario", "lat": 43.70643, "lon": -79.39864, "precision": "city", "coordinate_source": "https://download.geonames.org/export/dump/cities15000.zip", "provider": "GeoNames", "id": "6167865", "source_ids": ["ca-prov-source-code-for-canada-1", "ca-prov-source-geonames-cities"], "note": "Benadering op stadsniveau; geen exact kantooradres. Organisatie bevestigt vestigingsstad; coördinaten verwijzen naar de stad. Stadpunt ter oriëntatie; geen exact kantooradres.", "label": "Toronto (bij benadering, stadsniveau)"}, "entity_type": "organisation", "origin": "managed", "organisation_ids": [], "collaboration_ids": [], "innovation_ids": [], "participant_ids": [], "member_ids": [], "kind": "support", "atlas_kind_basis": "Functionele actorrol → atlasweergavetype; geen uitspraak over rechtsvorm", "portal_themes": ["dienstverlening", "digitale-autonomie", "ai"], "editorial_status": "reviewed", "checked": "2026-09-18", "tht": false, "kvk": null, "staff": null, "atlas_origin": "managed_public_projection"}}, {"type": "Feature", "geometry": {"type": "Point", "coordinates": [-73.58781, 45.50884]}, "properties": {"id": "ca-open-north", "name": "Open North", "description": "Non-profitorganisatie voor datagovernance en civic tech. Ondersteunt overheden en maatschappelijke organisaties bij verantwoord gegevensbeheer en het verbeteren van publieke diensten.", "themes": ["Data", "Participatie", "Digitale autonomie"], "website": "https://opennorth.ca/", "country": "CA", "province": "Québec", "source_ids": ["ca-prov-source-open-north-1", "ca-prov-source-open-north-2", "ca-prov-source-open-north-3", "ca-prov-source-open-north-4"], "reviewed_at": "2026-09-18", "status": "researched", "actor_types": ["ngo"], "aliases": ["Nord Ouvert"], "city": "Montréal", "govtech_basis": "Leidt volgens de eigen projectpagina het Data Governance Workstream binnen het gemeentelijk geleide Montréal in Common. Hulpmiddelen zijn samen met de stad ontwikkeld. De bron toont het werk en de resultaten; een vernieuwd contract of actuele financieringsperiode is niet vastgesteld.", "location": {"city": "Montréal", "country": "CA", "province": "Québec", "lat": 45.50884, "lon": -73.58781, "precision": "city", "coordinate_source": "https://download.geonames.org/export/dump/cities15000.zip", "provider": "GeoNames", "id": "6077243", "source_ids": ["ca-prov-source-open-north-1", "ca-prov-source-geonames-cities"], "note": "Benadering op stadsniveau; geen exact kantooradres. Organisatie bevestigt vestigingsstad; coördinaten verwijzen naar de stad. Stadpunt ter oriëntatie; geen exact kantooradres.", "label": "Montréal (bij benadering, stadsniveau)"}, "entity_type": "organisation", "origin": "managed", "organisation_ids": [], "collaboration_ids": [], "innovation_ids": [], "participant_ids": [], "member_ids": [], "kind": "support", "atlas_kind_basis": "Functionele actorrol → atlasweergavetype; geen uitspraak over rechtsvorm", "portal_themes": ["data", "participatie", "digitale-autonomie"], "editorial_status": "reviewed", "checked": "2026-09-18", "tht": false, "kvk": null, "staff": null, "atlas_origin": "managed_public_projection"}}]}